"wipp_y","WGRCOR","WMICDFLG","WGRMICI","WGRMICH","WFBETCEL","WRGSSAT","WRBRNSAT","WASTWICK","SHPRMCLY","SHPRMCON","SHPRMSAP","SHPRMDRZ","SHPRNHAL","SHRGSSAT","SHRBRSAT","SHBCEXP","HALPOR","HALPRM","HALCOMP","ANHPRM","ANHCOMP","ANHBCVGP","ANRBRSAT","ANRGSSAT","ANHBCEXP","SALPRES","BPINTPRS","BPPRM","BPCOMP","BHPERM","BPMAP"
16253.086,2.3e-15,2,7.81e-09,4.714e-10,0.6023,0.001259,0.4607,0.9356,-17.96,-19.84,-20.35,-15.54,0.1668,0.0979,0.26,0.4861,0.01081,-23.4,1.514e-10,-18.88,7.67e-11,1,0.09324,0.01398,0.6133,12010000,14900000,-11.02,-10.82,-12.71,29
28352.666,6.45e-15,0,9.2e-09,8.844e-10,0.2903,0.1096,0.2286,0.4746,-18.18,-19.64,-19.58,-16.23,0.1596,0.3888,0.2406,0.9551,0.004985,-21.64,4.765e-11,-18.83,6.285e-11,1,0.08087,0.04879,0.6096,12270000,12340000,-11.98,-10.4,-12.04,32
28699.07,1.106e-14,1,7.863e-09,5.903e-10,0.2791,0.1166,0.442,0.6929,-18.23,-19.58,-18.72,-14.69,0.4195,0.2526,0.3225,0.6866,0.02148,-23.52,1.603e-10,-19.21,1.071e-10,1,0.1366,0.1072,0.6832,11310000,12380000,-13.26,-9.054,-13.15,9
42269.809,1.249e-14,0,7.367e-10,9.714e-10,0.7284,0.06413,0.1831,0.6383,-17.48,-18.97,-20.14,-14.78,0.3575,0.2727,0.1807,6.23,0.01941,-22.12,7.344e-11,-18.42,1.09e-11,1,0.06827,0.07723,0.6797,12960000,11910000,-12.42,-9.112,-13.2,21
50886.453,7.11e-15,0,1.656e-09,6.908e-10,0.3117,0.07166,0.09151,0.08241,-20.19,-18,-19.23,-16.66,0.5338,0.2706,0.4858,4.046,0.02417,-21.67,3.553e-11,-19.18,1.425e-10,4,0.08703,0.05233,0.709,11100000,12890000,-12.91,-9.171,-13.86,17
21527.883,9.14e-15,0,4.389e-09,6.401e-10,0.5607,0.1151,0.3899,0.9487,-18.46,-18.32,-20.01,-16.34,0.7245,0.2875,0.1529,0.1192,0.005869,-22.39,8.828e-11,-19.3,1.457e-10,4,0.1123,0.07564,0.656,13000000,11300000,-12.45,-9.714,-12.29,10
72399.297,4.76e-15,0,5.458e-09,1.125e-10,0.3226,0.0393,0.06708,0.6274,-17.6,-18.33,-20.29,-16.1,0.6629,0.2813,0.1242,0.6726,0.02923,-22.72,1.242e-10,-19.61,2.01e-10,4,0.06434,0.04548,0.6404,12570000,12560000,-11.26,-9.921,-11.12,14
20793.1,4.91e-15,0,5.584e-09,1.08e-09,0.5085,0.08188,0.4254,0.1544,-17.84,-19.42,-18.77,-15.38,0.226,0.06421,0.08617,6.193,0.001218,-21.85,6.165e-11,-19.4,1.308e-10,1,0.1256,0.08072,0.7547,13280000,11840000,-11.8,-9.778,-12.32,25
102375.67,1.557e-14,1,8.129e-09,1.2e-09,0.656,0.006144,0.1806,0.5396,-18.9,-18.74,-20.44,-15.31,0.1812,0.04299,0.1782,6.548,0.02889,-22.65,1.035e-10,-19.44,1.702e-10,4,0.1011,0.08845,0.6197,12230000,15570000,-13.09,-8.874,-11.54,16
13017.427,6.57e-15,0,6.15e-09,7.519e-11,0.5722,0.1363,0.3419,0.8526,-18.51,-19.29,-19.15,-15.29,0.8326,0.1361,0.1143,0.6585,0.009058,-22.88,1.207e-10,-19.1,1.093e-10,1,0.03109,0.07537,0.7863,11150000,12160000,-10.88,-10.01,-13.38,17
27566.008,1.45e-15,1,2.751e-09,4.117e-11,0.8893,0.1205,0.4939,0.2108,-18.12,-18.35,-19.71,-15.49,0.6091,0.2576,0.5705,0.5205,0.007804,-23.84,1.867e-10,-19.72,1.91e-10,4,0.138,0.09171,0.6127,13640000,13460000,-12.02,-9.753,-12.67,24
39110.66,1.233e-14,1,4.199e-09,1.784e-10,0.6985,0.07298,0.1463,0.7754,-17.98,-17.39,-20.05,-14.89,0.4515,0.1689,0.1911,0.2174,0.001774,-22.52,9.312e-11,-20.11,2.75e-10,1,0.05271,0.07997,0.5611,13540000,11480000,-12.66,-9.258,-12.07,28
81509.281,8e-16,0,8.468e-09,5.062e-10,0.4824,0.1301,0.3824,0.3892,-18.44,-18.84,-19.25,-15.78,0.2538,0.1004,0.2312,0.3639,0.001712,-23.32,1.541e-10,-19.33,1.382e-10,1,0.06205,0.1144,0.6876,12790000,13820000,-13.63,-8.783,-12.82,13
58845.652,1.207e-14,2,5.27e-09,1.214e-09,0.8424,0.02233,0.169,0.909,-19.1,-19.35,-18.83,-16.14,0.8103,0.02677,0.3737,0.1359,0.01702,-22.17,9.129e-11,-18.74,4.912e-11,1,0.07412,0.08922,0.7328,11480000,14100000,-12.85,-8.724,-12.22,7
22930.963,9.03e-15,2,6.627e-09,7.186e-10,0.03712,0.08592,0.418,0.01272,-19.61,-17.88,-20.69,-14.75,0.764,0.247,0.1984,1.587,0.007113,-21.57,3.152e-11,-20.28,2.418e-10,1,0.06536,0.1031,0.7141,13330000,12970000,-11.92,-10.47,-11.69,6
40963.77,6.13e-15,0,4.597e-09,1.231e-09,0.9962,0.1028,0.2714,0.6131,-19.12,-19.38,-19.14,-15.14,0.3022,0.08531,0.1479,0.8442,0.02453,-23.92,1.894e-10,-18.6,6.496e-11,1,0.04497,0.08424,0.6594,13700000,12750000,-12.61,-10.24,-12.84,15
34613.137,3.61e-15,2,7.17e-09,1.03e-09,0.496,0.0921,0.5143,0.2483,-18.21,-17.98,-19.42,-14.94,0.4432,0.2655,0.5424,0.2861,0.01145,-21.52,4.888e-11,-18.63,4.154e-11,4,0.01922,0.09669,0.5991,11610000,14430000,-10.39,-10.36,-11.92,10
12620.806,6.73e-15,1,1.11e-09,3.25e-10,0.47,0.00162,0.1081,0.1217,-18.92,-19.47,-19.94,-16.91,0.7109,0.3705,0.1392,6.989,0.008216,-21.17,7.978e-12,-18.79,6.866e-11,4,0.06786,0.1525,0.6278,12080000,12000000,-11.22,-10.72,-13.93,22
77681.898,7.42e-15,1,1.2e-09,4.12e-10,0.616,0.1069,0.2845,0.9507,-19.52,-17.73,-19.3,-16.02,0.5679,0.09099,0.5082,8.383,0.02341,-22.94,1.018e-10,-18.87,8.052e-11,4,0.06211,0.01398,0.6613,11380000,12920000,-12.68,-9.224,-11.08,12
9030.6064,1.16e-14,2,5.84e-09,9.92e-10,0.178,0.1254,0.4575,0.2532,-18.34,-19.53,-20.64,-14.97,0.5047,0.1757,0.031,3.317,0.006488,-21.6,6.152e-11,-17.94,1.09e-11,1,0.05082,0.04724,0.6769,11870000,13430000,-11.69,-8.892,-13.85,22
44809.938,1.52e-14,0,9.41e-09,8.05e-10,0.135,0.03353,0.1638,0.896,-18.61,-17.62,-19.02,-14.52,0.5989,0.279,0.3537,0.7036,0.02705,-22.54,9.878e-11,-19.16,1.18e-10,1,0.09205,0.1155,0.6058,11860000,13260000,-12.18,-10.85,-12.16,31
56765.98,2.9e-16,0,1.26e-09,9.78e-10,0.879,0.0362,0.4008,0.1453,-19.79,-17.65,-18.92,-15.32,0.5893,0.006904,0.4271,5.956,0.02838,-23.11,1.353e-10,-18.33,1.09e-11,1,0.1037,0.1177,0.6292,11570000,12490000,-12.16,-9.7,-13.18,7
139862.22,4e-16,0,7.45e-09,3.02e-10,0.159,0.1195,0.1576,0.06674,-19.23,-18.38,-20.39,-14.38,0.6176,0.03946,0.1342,1.202,0.0101,-23.16,1.41e-10,-17.12,1.09e-11,4,0.1017,0.07789,0.5205,13050000,11720000,-12.4,-10.2,-11.39,15
21644.004,1.38e-14,0,4.01e-09,8.49e-10,0.521,0.1472,0.008916,0.2774,-19.91,-19.46,-20.37,-16.29,0.6742,0.07058,0.46,0.1941,0.006359,-22.36,7.909e-11,-18.92,7.861e-11,4,0.08259,0.09575,0.7239,13830000,12620000,-12.53,-9.992,-12.96,8
107785.13,7.7e-16,0,3.77e-09,2.78e-10,0.285,0.01669,0.2006,0.5431,-18.43,-19.67,-18.19,-15.1,0.4869,0.1412,0.08192,3.539,0.01491,-21.21,1.732e-11,-18.47,3.962e-11,1,0.09494,0.01733,0.6745,13360000,14530000,-12.48,-9.303,-11.31,5
39805.387,1.44e-14,1,6.5e-09,9.04e-10,0.397,0.1273,0.0624,0.3503,-18.39,-18.17,-18.45,-14.26,0.3274,0.1507,0.07746,0.7198,0.02645,-21.09,1.387e-11,-19,8.459e-11,4,0.1003,0.05644,0.6997,12840000,14180000,-12.98,-9.449,-13.62,11
69912.375,1.42e-14,0,2.09e-09,1.22e-09,0.121,0.1452,0.1884,0.1631,-17.9,-18.03,-18.26,-15.77,0.4384,0.2242,0.09435,0.302,0.002929,-22.18,8.053e-11,-18.15,1.728e-11,4,0.09399,0.03488,0.6107,12300000,13080000,-12.24,-9.538,-11.76,27
63660.891,1.08e-14,0,3.19e-09,1.1e-09,0.854,0.01561,0.1982,0.5634,-18.68,-19.04,-19.57,-15.11,0.1417,0.2293,0.1294,1.807,0.00688,-21.72,4.422e-11,-18.93,9.553e-11,4,0.1218,0.08541,0.6582,13860000,13610000,-12.05,-9.814,-11.45,16
55045.602,5.24e-15,2,5.68e-09,6.58e-10,0.0612,0.1175,0.2704,0.8876,-18.82,-18.22,-19.77,-15.81,0.5475,0.3945,0.393,0.5649,0.02492,-21.4,3.029e-11,-19.02,1.011e-10,1,0.1099,0.137,0.6185,13110000,13320000,-11.47,-10.12,-11.74,12
23674.795,1.99e-15,2,2.41e-09,3.89e-10,0.4,0.03141,0.04703,0.3745,-18.09,-18.44,-19.01,-15.16,0.02871,0.3609,0.2999,5.575,0.005312,-23.56,1.589e-10,-18.3,1.09e-11,4,0.09857,0.1082,0.6392,12400000,12720000,-12.35,-10.26,-12.44,21
20667.184,9.93e-15,0,7.36e-09,8.13e-10,0.0825,0.09551,0.01245,0.6715,-19.97,-20.09,-19.3,-14.53,0.9828,0.2175,0.05253,4.78,0.002528,-23.98,1.92e-10,-18.69,5.917e-11,4,0.1089,0.04514,0.5409,12130000,13490000,-11.66,-9.74,-11.99,1
29019.506,5.59e-15,0,3.162e-09,6.718e-10,0.7515,0.02858,0.02577,0.4259,-18.62,-17.21,-20.48,-15.42,0.941,0.3789,0.00145,5.43,0.01434,-23.51,1.625e-10,-18.85,7.544e-11,1,0.05879,0.06287,0.6177,12360000,14140000,-11.75,-9.541,-13.27,5
68241.055,5.9e-15,0,7.986e-09,4.86e-10,0.4389,0.05487,0.2406,0.0006692,-19.19,-18.56,-20.28,-16.36,0.4772,0.1447,0.3135,2.666,0.01991,-22.78,1.4e-10,-18.02,1.09e-11,4,0.174,0.06092,0.6433,11960000,12540000,-12.76,-9.504,-12.99,23
17073.979,8.44e-15,2,6.396e-09,4.688e-10,0.9899,0.06004,0.05246,0.1909,-20.05,-18.66,-19.6,-15.88,0.8625,0.1678,0.1647,2.964,0.0106,-23.45,1.67e-10,-19.46,1.643e-10,1,0.08358,0.08292,0.637,13380000,15030000,-11.56,-9.427,-13.07,32
46993.938,3.48e-15,2,6.98e-09,5.271e-10,0.31,0.1492,0.5213,0.9939,-20.16,-18.61,-19.11,-16.07,0.7066,0.3124,0.02183,8.094,0.02044,-23.66,1.733e-10,-18.75,6.824e-11,4,0.09074,0.1117,0.6335,13150000,13110000,-13.18,-9.334,-12.4,14
9772.4092,1.553e-14,1,3.467e-09,1.077e-09,0.8911,0.1321,0.4362,0.58,-20.27,-18.14,-20.56,-15.2,0.3987,0.03544,0.4127,7.969,0.002242,-21.36,2.527e-11,-19.04,9.223e-11,4,0.09814,0.06402,0.5095,11390000,13860000,-13.42,-9.469,-13.48,21
17580.674,6.86e-15,2,6.88e-09,8.956e-10,0.4245,0.06286,0.1405,0.7522,-17.7,-19.23,-19.18,-15.46,0.2967,0.1041,0.256,7.836,0.01187,-21.59,4.224e-11,-18.53,4.952e-11,1,0.1247,0.08191,0.6646,13750000,15130000,-10.78,-9.487,-13.36,24
39241.082,1.326e-14,0,8.686e-09,9.909e-11,0.9232,0.1458,0.05545,0.1027,-18.28,-19.61,-19.41,-15.83,0.04036,0.1199,0.02656,2.524,0.02587,-21.87,5.17e-11,-19.47,1.575e-10,4,0.06946,0.04183,0.5822,12630000,14430000,-12.09,-10.3,-13.58,14
72447.094,1.316e-14,0,2.442e-09,4.04e-10,0.1119,0.1335,0.3202,0.5243,-17.57,-19.75,-20.25,-14.95,0.8224,0.2502,0.5197,3.684,0.009223,-23.68,1.677e-10,-17.1,1.09e-11,4,0.06994,0.166,0.6382,12740000,15250000,-11.28,-10.17,-12.19,26
71197.445,1.198e-14,1,4.835e-09,9.336e-10,0.04598,0.01337,0.449,0.09056,-19.06,-18.63,-19.68,-14.39,0.6565,0.1542,0.4472,7.213,0.02874,-23.47,1.495e-10,-19.68,1.768e-10,4,0.0546,0.06234,0.7461,13240000,13630000,-13.59,-8.443,-12.63,27
86477.445,1.61e-15,0,8.346e-09,1.178e-09,0.1895,0.1382,0.3144,0.3383,-19.15,-18.06,-20.23,-14.83,0.2786,0.2234,0.1414,0.1649,0.02745,-21.82,4.475e-11,-19.03,9.442e-11,4,0.09143,0.1126,0.6327,12820000,16250000,-10.98,-9.649,-12.78,28
13346.712,9.5e-15,0,9.305e-09,2.43e-10,0.906,0.05111,0.3306,0.9675,-18.06,-18.86,-20.61,-14.61,0.4229,0.08105,0.4551,6.494,0.004443,-22.68,1.097e-10,-18.66,4.568e-11,1,0.09977,0.05848,0.6777,12110000,11930000,-11.63,-10.19,-12.53,9
53831.336,1.06e-14,0,4.663e-09,6.231e-10,0.7612,0.1129,0.4331,0.5807,-18.87,-18.83,-19.22,-16.45,0.4061,0.1967,0.337,8.262,0.004858,-21.07,1.229e-11,-18.77,7.24e-11,1,0.06639,0.0541,0.6685,12890000,15830000,-12.2,-9.978,-11.43,19
36422.227,2.12e-15,0,4.544e-10,5.188e-10,0.2022,0.09357,0.3965,0.413,-19.72,-17.88,-19.38,-15.26,0.133,0.06145,0.5545,0.9238,0.0209,-22.76,1.153e-10,-18.97,9.123e-11,1,0.05604,0.02654,0.6239,11670000,12180000,-11.19,-10.6,-12.36,29
31165.486,3.19e-15,0,6.098e-09,7.95e-10,0.78,0.04579,0.4053,0.7195,-19.27,-19.94,-20.32,-15.52,0.6997,0.3099,0.1714,3.939,0.02292,-23.87,1.843e-10,-19.25,1.134e-10,4,0.08868,0.08373,0.7651,13770000,12460000,-11.08,-10.69,-12.92,12
42327.883,5.06e-15,2,9.771e-10,7.739e-10,0.6243,0.09002,0.002974,0.4569,-18.4,-19.13,-19.98,-14.93,0.7838,0.2078,0.2702,0.7921,0.02622,-23.37,1.562e-10,-17.6,1.09e-11,1,0.07864,0.08671,0.622,12250000,14940000,-10.57,-11.07,-13.96,19
9399.5498,3.03e-15,0,4.309e-09,1.262e-09,0.2639,0.004339,0.3745,0.7476,-18.34,-18.12,-18.67,-14.9,0.6401,0.1264,0.2079,0.2728,0.003301,-22.25,9.454e-11,-19.22,1.344e-10,4,0.07627,0.06608,0.7007,12040000,13980000,-11.83,-10.38,-13.76,23
56846.711,1.171e-14,0,3.234e-10,4.561e-10,0.7994,0.1084,0.5047,0.8075,-18.81,-19.41,-20.53,-14.63,0.894,0.2012,0.163,1.566,0.008084,-23.14,1.475e-10,-19.77,2.088e-10,1,0.07659,0.1046,0.5774,12330000,13770000,-13.98,-8.497,-13.65,30
73696.172,4.02e-15,0,4.922e-09,6.038e-10,0.7111,0.01387,0.1188,0.6089,-18.25,-18.22,-19.62,-14.33,0.2439,0.3997,0.5226,7.319,0.002273,-22.27,6.84e-11,-18.5,3.145e-11,4,0.08789,0.073,0.5966,12540000,12690000,-13.49,-8.196,-13.9,6
82362.336,1.527e-14,2,8.24e-09,1.06e-09,0.5551,0.0442,0.4637,0.05461,-19.85,-19.07,-19.48,-15.63,0.4963,0.2101,0.1168,0.5287,0.02786,-23.22,1.355e-10,-19.32,1.344e-10,1,0.09715,0.08134,0.5969,11500000,12650000,-12.57,-8.65,-11.1,2
25337.102,6.25e-15,0,6.826e-09,7.572e-10,0.9341,0.1233,0.2188,0.323,-19.44,-20.18,-19.82,-15,0.689,0.3826,0.5797,1.395,0.004286,-23.08,1.279e-10,-19.18,1.21e-10,4,0.08762,0.1098,0.6702,11040000,11620000,-10.5,-10.04,-11.71,4
96320.711,5.09e-15,0,2.99e-09,5.513e-10,0.3313,0.09775,0.03451,0.9145,-19.89,-18.62,-19.06,-15.09,0.1739,0.2915,0.3347,7.657,0.01915,-22.47,1.069e-10,-19.37,1.448e-10,1,0.007846,0.1343,0.6887,13470000,14660000,-12.85,-9.006,-11.79,24
7476.5005,1.501e-14,2,5.775e-09,7.632e-10,0.9673,0.0116,0.2479,0.5573,-20.07,-19.31,-18.37,-15.03,0.3703,0.1626,0.4179,0.2106,0.00579,-23.35,1.559e-10,-19.06,9.912e-11,4,0.04826,0.1019,0.5284,13220000,12840000,-10.15,-10.27,-13.3,32
78116.688,1.113e-14,2,1.953e-09,1.244e-10,0.1918,0.04127,0.5276,0.4653,-18.77,-19.99,-19.45,-14.88,0.807,0.2964,0.3516,0.4333,0.02175,-22.03,6.361e-11,-18.18,1.09e-11,1,0.1029,0.01398,0.6574,12510000,13060000,-11.51,-9.794,-11.58,16
25300.166,8.14e-15,1,3.679e-09,2.857e-10,0.3861,0.1051,0.5083,0.7044,-20.37,-20.28,-19.84,-14.99,0.01727,0.3642,0.005785,0.8051,0.0185,-21.22,1.573e-11,-18.89,1.117e-10,1,0.08232,0.09265,0.6735,13200000,14280000,-11.87,-9.889,-13.79,8
6708.0615,1.031e-14,1,1.579e-09,3.651e-10,0.1633,0.02749,0.4857,0.4408,-19.18,-18.71,-20.42,-15.57,0.1198,0.04669,0.2934,0.1477,0.005412,-23.28,1.316e-10,-20.01,2.242e-10,1,0.08157,0.06501,0.6233,12670000,13000000,-11.76,-9.668,-13.98,6
5075.1001,1.76e-15,1,2.26e-09,1.113e-09,0.7073,0.1044,0.2799,0.229,-18.95,-18.5,-20.12,-15.34,0.9362,0.1143,0.09983,5.193,0.003706,-22.99,1.134e-10,-21,2.75e-10,1,0.1203,0.09036,0.6929,11240000,16520000,-10.31,-10.9,-12.87,15
25920.184,2.46e-15,1,3.613e-09,7.43e-10,0.01942,0.04661,0.345,0.846,-20.75,-18.52,-19.93,-15.28,0.09485,0.01144,0.2833,0.9029,0.005607,-22.61,1.169e-10,-18.11,1.09e-11,4,0.1137,0.09498,0.7048,11930000,13800000,-11.45,-9.969,-13.31,25
27983.43,1.042e-14,1,9.452e-09,2.572e-10,0.02093,0.08051,0.02821,0.9893,-18.76,-18.53,-20.22,-15.25,0.5719,0.3079,0.1759,5.83,0.01542,-22.62,9.684e-11,-18.56,6.36e-11,1,0.07823,0.09856,0.7157,11240000,12770000,-13.38,-8.556,-13.59,32
62511.246,1.398e-14,0,1.714e-09,1.964e-10,0.3758,0.07854,0.2074,0.267,-19.55,-19.1,-20.05,-14,0.969,0.1101,0.4002,0.5875,0.004197,-22.85,1.009e-10,-18.4,3.739e-11,1,0.04987,0.03703,0.6856,12650000,14530000,-10.7,-10.63,-11.2,29
10828.402,1.261e-14,0,5.558e-10,2.22e-10,0.005953,0.007902,0.3009,0.8668,-18.52,-19.12,-18.59,-16.04,0.9992,0.02853,0.05706,4.684,0.007514,-22.21,8.644e-11,-19.56,1.592e-10,4,0.1155,0.0575,0.5684,12770000,12240000,-11.34,-10.14,-13.43,18
71623.453,4.58e-15,1,4.09e-09,1.003e-09,0.8655,0.03835,0.3514,0.6419,-19.32,-17.34,-20.11,-14.85,0.1078,0.3585,0.15,0.8703,0.02367,-22.07,7.739e-11,-17.7,1.09e-11,4,0.08389,0.05058,0.6506,13820000,12090000,-11.4,-10.34,-11.85,14
51219.336,9.77e-15,0,2.544e-09,1.182e-09,0.3561,0.03483,0.1261,0.3676,-18.17,-20.51,-20.18,-16.54,0.07862,0.2369,0.05007,2.226,0.002745,-22.8,1.311e-10,-19.12,1.185e-10,4,0.09649,0.1296,0.5918,12470000,13560000,-11.14,-9.879,-11.27,25
81356.867,3.84e-15,2,6.344e-09,6.791e-10,0.8161,0.1011,0.1336,0.02259,-18.54,-19.02,-19.79,-15.37,0.8792,0.003149,0.01509,0.7488,0.01822,-21.93,5.531e-11,-17.89,1.09e-11,4,0.05677,0.07175,0.604,12710000,12260000,-11.93,-8.836,-11.55,27
36855.953,1.289e-14,1,6.685e-09,8.251e-10,0.9762,0.05066,0.1544,0.4377,-18.49,-19.51,-19.08,-15.88,0.2358,0.2406,0.562,1.106,0.009627,-23.05,1.265e-10,-18.37,1.569e-11,4,0.06658,0.07015,0.6906,11160000,14700000,-12.34,-10.66,-11.66,20
12209.371,8.3e-15,2,7.249e-09,1.05e-09,0.4528,0.06923,0.5359,0.3493,-17.66,-19.07,-20,-15.95,0.7938,0.1834,0.4987,4.317,0.003471,-21.99,5.83e-11,-18.78,8.81e-11,1,0.06359,0.06623,0.7381,12930000,15320000,-13.04,-9.858,-13.02,23
26063.609,7.66e-15,0,7.678e-09,9.636e-10,0.342,0.08718,0.3613,0.8294,-18.96,-18.8,-19.86,-16.61,0.8406,0.09409,0.2115,3.167,0.01675,-21.49,3.438e-11,-18.27,1.09e-11,1,0.0441,0.0936,0.5482,13020000,13370000,-10.06,-11.14,-13.69,4
39940.281,9.64e-15,1,5.338e-09,2.076e-10,0.45,0.08308,0.3561,0.04857,-18.68,-18.99,-19.35,-15.07,0.5298,0.1327,0.3621,6.791,0.007893,-23.8,1.8e-10,-18.68,5.978e-11,1,0.0959,0.1059,0.6634,13170000,13170000,-13.22,-9.367,-12.12,4
54907.289,8e-15,2,2.965e-09,1.165e-09,0.7499,0.05765,0.2645,0.1703,-19.37,-20.42,-19.54,-14.45,0.8587,0.3309,0.03895,0.7785,0.01794,-21.29,2.015e-11,-19.28,1.288e-10,1,0.02601,0.07253,0.5818,13080000,12420000,-13.79,-8.964,-11.89,9
12595.734,5.83e-15,2,5.086e-09,2.847e-11,0.8066,0.02583,0.2529,0.2045,-20.49,-18.77,-19.5,-15.72,0.05784,0.3402,0.4646,0.4076,0.001422,-21.98,6.694e-11,-18,1.09e-11,1,0.08479,0.05502,0.6654,13560000,13530000,-12.96,-8.264,-13.49,26
41502.129,1.008e-14,1,1.794e-09,3.801e-10,0.8365,0.1125,0.2351,0.6601,-18.3,-19.88,-19.53,-15.57,0.3696,0.2342,0.3048,0.2586,0.01237,-22.33,8.459e-11,-18.55,4.426e-11,4,0.08604,0.02705,0.6663,11190000,14290000,-14.12,-9.341,-12.61,7
90844.883,1.29e-15,0,8.186e-09,1.316e-10,0.9115,0.07677,0.08638,0.7601,-19.34,-18.57,-19.72,-14.68,0.3115,0.1945,0.1202,5.768,0.003525,-21.78,5.266e-11,-19.54,1.526e-10,1,0.07989,0.01398,0.654,12180000,15440000,-10.64,-10.76,-11.03,11
40227.172,1.333e-14,0,8.674e-09,8.499e-10,0.5435,0.05252,0.4983,0.2917,-19.66,-18.4,-19.47,-15.12,0.6232,0.3359,0.1027,2.84,0.001038,-23.21,1.432e-10,-17.75,1.09e-11,1,0.09005,0.0671,0.5866,11420000,14370000,-12.29,-9.825,-13.24,8
64824.738,1.069e-14,2,4.797e-09,1.116e-09,0.7303,0.1002,0.4206,0.4097,-18.84,-17.71,-19.96,-15.17,0.348,0.3398,0.06486,4.531,0.007336,-23.6,1.642e-10,-19.65,1.877e-10,1,0.08029,0.05566,0.8418,12440000,12040000,-11.61,-10.32,-11.3,24
29141.359,3.75e-15,1,2.853e-09,4.282e-10,0.2141,0.1405,0.09569,0.7294,-19.04,-19.73,-19.74,-15.47,0.7717,0.2937,0.1868,0.8553,0.0202,-23.73,1.809e-10,-18.81,8.183e-11,4,0.07531,0.03208,0.6721,13300000,13910000,-11.97,-10.15,-13.46,11
61437.512,1.283e-14,2,9.061e-09,1.73e-10,0.3614,0.04936,0.2919,0.7936,-18.71,-17.51,-18.53,-16.22,0.9203,0.02394,0.4334,4.191,0.002025,-21.32,1.968e-11,-18.99,1.058e-10,4,0.0606,0.1235,0.631,13590000,13740000,-10.92,-10.1,-11.5,1
59408.418,4.21e-15,2,8.466e-10,1.148e-09,0.9474,0.06774,0.5346,0.9794,-18,-17.47,-20.1,-15.98,0.4691,0.3268,0.008922,0.3997,0.01469,-23.75,1.705e-10,-18.36,1.09e-11,4,0.106,0.07935,0.6483,11550000,15410000,-12.56,-9.062,-11.36,17
29970.025,4.9e-16,2,7.664e-09,9.147e-10,0.228,0.06551,0.4093,0.4834,-18.58,-18.9,-19.87,-14.46,0.7384,0.07709,0.1561,4.885,0.003013,-21.44,3.902e-11,-18.7,7.044e-11,4,0.05904,0.04282,0.6444,13410000,12850000,-13.53,-9.565,-12.56,21
9892.6328,1.185e-14,2,4.512e-09,3.392e-10,0.4606,0.04329,0.3345,0.07311,-18.31,-18.11,-18.89,-14.77,0.2079,0.1851,0.07292,6.968,0.008579,-23.62,1.781e-10,-19.51,1.755e-10,1,0.03762,0.09695,0.6158,11460000,14610000,-12.27,-10.56,-13.11,9
18624.047,2.84e-15,1,3.944e-09,3.509e-10,0.4165,0.131,0.2964,0.6547,-18.56,-18.92,-18.96,-15.43,0.1916,0.07484,0.11,0.8945,0.01265,-22.31,7.199e-11,-19.9,2.669e-10,4,0.09237,0.03945,0.5553,13690000,15670000,-11.59,-10.08,-13.76,12
82581.594,8.85e-15,0,5.977e-09,1.402e-11,0.5936,0.009867,0.3088,0.03048,-18.16,-18.46,-19.89,-15.41,0.9757,0.3204,0.4898,0.4585,0.009751,-21.71,5.722e-11,-18.96,8.352e-11,4,0.1117,0.08784,0.7082,11740000,15960000,-13.12,-9.195,-12.27,20
52369.715,7.9e-15,1,9.258e-10,5.824e-10,0.09411,0.1216,0.2244,0.8336,-20.57,-19.19,-19.63,-14.66,0.06192,0.346,0.5877,0.5553,0.008888,-21.93,7.097e-11,-19.13,1.141e-10,4,0.07295,0.06812,0.6468,12910000,15730000,-12.14,-9.642,-11.16,18
18335.57,1.459e-14,0,6.284e-09,1.015e-09,0.6333,0.09727,0.1017,0.8761,-19.74,-17.82,-19.97,-14.84,0.5596,0.2635,0.2222,0.6277,0.01333,-21.03,5.972e-12,-18.9,1.032e-10,1,0.1184,0.05189,0.6525,11650000,11710000,-11.52,-10.46,-13.52,3
35618.844,7.26e-15,0,8.807e-09,3.161e-10,0.6818,0.02068,0.3647,0.7305,-19.69,-19.8,-18.86,-14.73,0.9197,0.3853,0.09052,0.4941,0.01733,-22.91,1.078e-10,-19.83,2.118e-10,4,0.1044,0.08632,0.607,11900000,15100000,-11.37,-10.03,-12.51,26
47007.832,1.134e-14,0,7.092e-09,2.307e-10,0.5147,0.004889,0.4732,0.5108,-20.34,-18.95,-20.45,-15.05,0.2143,0.1598,0.03535,0.8281,0.01619,-22.49,1.122e-10,-18.09,1.09e-11,4,0.07917,0.07655,0.6951,11820000,12580000,-10.51,-10.97,-11.97,13
35765.953,1.396e-14,0,8.52e-09,1.634e-10,0.6457,0.07372,0.5509,0.4925,-18.73,-18.48,-19.67,-15.19,0.52,0.1883,0.5344,5.169,0.02248,-23.76,1.72e-10,-18.22,2.816e-11,4,0.08546,0.06138,0.5642,13630000,14780000,-11.83,-9.613,-13.73,3
56837.211,9.26e-15,0,1.501e-09,4.432e-10,0.07191,0.05891,0.5452,0.5098,-19.54,-19.26,-19.32,-15.74,0.2852,0.1221,0.01936,2.157,0.006061,-22.43,8.35e-11,-18.29,1.09e-11,1,0.07106,0.1972,0.5876,11330000,12810000,-12.8,-9.847,-11.01,30
87142.867,2.66e-15,0,8.984e-09,6.191e-10,0.2453,0.08424,0.1312,0.1168,-19.29,-18.25,-18.61,-16.17,0.6308,0.3004,0.07162,0.3506,0.014,-23.88,1.767e-10,-18.72,5.283e-11,1,0.07213,0.02232,0.573,11770000,13020000,-13.78,-9.128,-12.68,31
14151.54,1.576e-14,1,1.334e-09,8.661e-10,0.2381,0.05636,0.07442,0.3158,-18.03,-18.28,-20.08,-14.81,0.03942,0.05818,0.1935,0.4507,0.006585,-23.96,1.851e-10,-18.44,2.183e-11,4,0.1063,0.07347,0.7204,13500000,13950000,-10.94,-10.53,-12.26,3
70612.914,8.67e-15,1,5.536e-09,5.334e-10,0.1402,0.03154,0.1735,0.3928,-19.46,-18.8,-20.88,-15.91,0.2698,0.178,0.06197,1.922,0.009427,-22.95,1.222e-10,-19.24,1.263e-10,4,0.09424,0.05951,0.6533,11600000,16320000,-12.72,-9.399,-11.61,28
40303.484,7.55e-15,1,3.291e-09,1.246e-09,0.05512,0.08885,0.3201,0.2308,-17.8,-20.1,-20.03,-15.64,0.1286,0.3181,0.5964,7.557,0.02209,-22.57,1.189e-10,-20.35,2.75e-10,1,0.07727,0.03364,0.4905,12040000,12320000,-11.13,-10.07,-11.82,4
59407.266,1.361e-14,2,2.619e-09,5.321e-11,0.6758,0.1432,0.01702,0.6861,-19.4,-19.24,-20.16,-15.23,0.3881,0.05067,0.3869,2.327,0.007214,-22.1,7.486e-11,-18.95,9.797e-11,4,0.1474,0.09928,0.6354,12590000,13150000,-11.89,-9.928,-11.21,30
57110.695,5.48e-15,0,1.973e-09,7.024e-10,0.6616,0.02519,0.1138,0.7809,-18.98,-18.72,-20.77,-16.48,0.9077,0.3485,0.2761,0.3832,0.004639,-21.27,2.348e-11,-18.57,3.075e-11,1,0.07353,0.07469,0.6416,13780000,14810000,-14.22,-9.273,-11.39,2
61306.441,2.95e-15,0,8.938e-09,5.644e-10,0.5361,0.06688,0.4769,0.1801,-18.65,-19.16,-20.2,-15.67,0.7482,0.2151,0.5452,0.6126,0.02988,-21.13,9.763e-12,-18.61,5.426e-11,1,0.08902,0.09082,0.6451,13440000,13290000,-11.72,-9.953,-12.75,20
15951.904,4.44e-15,1,3.862e-09,1.131e-09,0.1006,0.1278,0.08212,0.3024,-18.36,-17.8,-19.8,-15.61,0.7547,0.3748,0.3781,0.2467,0.003983,-23.27,1.458e-10,-18.82,5.565e-11,1,0.08499,0.07079,0.6255,11720000,16060000,-12.06,-9.594,-12.9,5
20218.529,1.25e-15,0,2.24e-09,8.343e-11,0.5822,0.07529,0.2137,0.1398,-18.1,-18.68,-19.91,-14.57,0.008287,0.1288,0.04215,0.73,0.00838,-21.38,2.83e-11,-19.39,1.495e-10,1,0.0713,0.1195,0.6814,11080000,13340000,-10.8,-10.52,-12.48,2
50933.18,1.486e-14,0,6.038e-10,1.423e-10,0.9593,0.1425,0.4866,0.2806,-17.93,-17.92,-18.78,-14.6,0.9594,0.3547,0.04482,3.489,0.02545,-21.03,3.353e-12,-18.65,3.435e-11,4,0.1292,0.1009,0.6488,12430000,14050000,-11.31,-10.43,-12.46,27
58141.617,1.469e-14,0,5.186e-09,1.066e-11,0.2514,0.02273,0.2562,0.5977,-17.75,-18.75,-19.76,-15.7,0.08757,0.0529,0.1046,0.329,0.009985,-23.03,1.379e-10,-18.48,2.378e-11,1,0.0403,0.126,0.6297,12200000,14230000,-13.89,-8.766,-12.08,1
104885.28,9.8e-16,0,7.499e-09,7.355e-10,0.8278,0.1378,0.3789,0.925,-17.86,-18.91,-20.74,-15.02,0.3333,0.0121,0.2352,0.9366,0.01581,-21.79,3.701e-11,-19.08,8.634e-11,4,0.0745,0.06904,0.6023,11290000,13230000,-13.3,-8.611,-13.07,19
70601.594,1.1e-16,2,3.358e-09,9.434e-10,0.7885,0.01874,0.04031,0.8128,-19.01,-19.97,-19.65,-14.22,0.8896,0.01677,0.4721,0.602,0.01306,-21.45,2.595e-11,-19.09,1.24e-10,4,0.1075,0.1462,0.5928,11810000,13690000,-14.46,-8.959,-11.96,18
7048.0923,2.68e-15,2,6.003e-09,1.214e-09,0.3166,0.1032,0.2165,0.8136,-19.59,-18.39,-19.24,-14.55,0.1256,0.1999,0.1036,0.7288,0.002122,-21.11,7.472e-12,-19.01,1.156e-10,1,0.09029,0.08968,0.6701,12490000,13400000,-12,-10.38,-13.17,19
63895.973,4e-15,2,9.277e-09,8.389e-10,0.7173,0.146,0.4386,0.9899,-18.01,-18.99,-19.73,-14.6,0.2631,0.3875,0.3129,1.568,0.0157,-21.37,2.72e-11,-18.89,6.39e-11,4,0.09525,0.05632,0.6089,11320000,12310000,-12.18,-9.459,-11.18,23
81737.523,7.34e-15,1,3.402e-09,1.101e-09,0.4054,0.03963,0.1844,0.5983,-19.17,-18.58,-18.91,-14.65,0.4918,0.3221,0.3967,4.752,0.0232,-21.52,4.081e-11,-19.1,1.073e-10,1,0.01177,0.06345,0.652,11220000,16590000,-10.59,-11.16,-11.39,6
19022.346,1.319e-14,2,5.008e-09,3.64e-11,0.2284,0.004825,0.07472,0.2636,-18.22,-17.42,-20.2,-15.04,0.2529,0.3948,0.3399,6.721,0.00635,-22.1,8.106e-11,-19.1,8.07e-11,1,0.0776,0.02071,0.7005,12090000,12470000,-11.85,-8.743,-12.65,17
27205.24,1.107e-14,1,5.485e-09,7.784e-10,0.1087,0.1343,0.4596,0.05398,-17.56,-17.51,-19.71,-14.19,0.7196,0.02619,0.4544,0.7958,0.008702,-23.57,1.667e-10,-18.32,1.09e-11,4,0.0913,0.05461,0.5965,12530000,12790000,-12.67,-9.694,-12.31,1
32472.461,9.98e-15,0,6.306e-09,2.695e-10,0.0855,0.1437,0.244,0.08016,-17.98,-18.48,-18.74,-15.82,0.8728,0.2746,0.1665,0.9632,0.01739,-23.5,1.644e-10,-18.16,1.09e-11,4,0.09863,0.01398,0.6005,13690000,13650000,-10.23,-10.77,-13.15,3
18548.473,1.268e-14,2,8.961e-09,1.138e-09,0.8149,0.145,0.1539,0.6061,-18.51,-19.17,-20.31,-16.23,0.9458,0.1373,0.07884,4.979,0.01442,-23.72,1.716e-10,-18.84,9.389e-11,1,0.05355,0.08694,0.7266,13710000,13730000,-11.06,-10.63,-12.95,7
51190.762,7.49e-15,1,5.244e-09,4.255e-10,0.5794,0.007197,0.1925,0.9429,-18.33,-18.12,-19.79,-14.54,0.994,0.2512,0.08017,0.6085,0.005963,-22.7,1.037e-10,-19.72,2.359e-10,1,0.1615,0.05846,0.647,12180000,16130000,-14.51,-8.165,-12.92,9
55804.516,1.575e-14,1,9.139e-10,7.168e-10,0.4612,0.01856,0.2852,0.7987,-19.01,-18.71,-19.98,-15.61,0.172,0.2453,0.4176,0.3829,0.001135,-23.41,1.514e-10,-19.3,1.323e-10,4,0.08117,0.09316,0.6541,12740000,12510000,-10.79,-9.771,-11.26,8
86199.766,8.35e-15,0,9.382e-09,3.193e-10,0.1991,0.06399,0.328,0.4,-20.1,-18.98,-19.83,-14.95,0.1451,0.07411,0.4689,4.442,0.02153,-21.43,3.355e-11,-19.35,1.463e-10,4,0.1412,0.09171,0.6873,11440000,13450000,-12.5,-9.137,-11.62,18
136892.2,1.477e-14,1,6.516e-09,9.48e-10,0.1233,0.117,0.3257,0.5596,-18.37,-20.24,-20.6,-16.06,0.8801,0.1411,0.2155,5.253,0.009996,-21.67,5.761e-11,-18.18,1.09e-11,4,0.06459,0.07561,0.4905,13520000,15150000,-13.51,-8.397,-11.23,30
29124.043,1.12e-14,0,9.492e-09,1.258e-10,0.01151,0.1263,0.3399,0.1855,-19.09,-17.69,-20.16,-15.57,0.3088,0.2191,0.2069,0.6444,0.002494,-22.16,6.766e-11,-19.18,1.269e-10,1,0.0504,0.06523,0.6104,13460000,14230000,-12.66,-9.221,-12.67,9
24742.363,1.084e-14,0,8.605e-09,5.642e-10,0.3444,0.07997,0.2721,0.9606,-19.31,-17.79,-19.09,-15.77,0.6232,0.2243,0.4786,0.7037,0.001929,-21.42,3.282e-11,-18.48,2.696e-11,4,0.06162,0.08826,0.6242,13070000,13360000,-11.61,-10.27,-12.35,17
26241.502,8.24e-15,0,7.6e-09,1.046e-09,0.4547,0.02562,0.1706,0.5603,-17.68,-19.64,-19.26,-15.35,0.802,0.3453,0.3321,0.4682,0.007957,-21.28,2.314e-11,-18.73,7.091e-11,4,0.0873,0.07812,0.7173,11360000,13740000,-10.69,-9.784,-12.55,2
10249.404,1.453e-14,0,6.897e-09,2.612e-10,0.1858,0.009961,0.3166,0.1704,-19.64,-18.86,-20.43,-14.79,0.3842,0.1153,0.02723,0.5736,0.002262,-22.8,1.146e-10,-18.76,6.844e-11,1,0.123,0.07899,0.5656,12340000,13690000,-11.34,-10.8,-13.04,32
91860.281,7.78e-15,1,3.728e-09,1.473e-10,0.803,0.1019,0.156,0.9386,-20.45,-19.02,-20.04,-14.31,0.3425,0.2868,0.0515,6.142,0.02659,-23.96,1.894e-10,-18.35,2.179e-11,1,0.05938,0.06412,0.6609,11570000,12900000,-12.81,-9.259,-11.58,2
51517.008,1.69e-15,0,7.326e-09,1.624e-10,0.4358,0.03477,0.2408,0.2149,-18.31,-19.54,-19.9,-16,0.5233,0.2948,0.05425,6.273,0.007477,-21.59,5.259e-11,-18.43,5.684e-11,4,0.05205,0.1018,0.6917,12510000,12160000,-11.91,-9.371,-12.86,11
50059.684,1.214e-14,0,8.471e-09,1.062e-09,0.7441,0.1421,0.0622,0.5898,-19.51,-18.59,-20.02,-16.65,0.6543,0.3134,0.03276,3.29,0.02117,-21.89,4.77e-11,-19.22,1.099e-10,4,0.09598,0.07778,0.667,13280000,11690000,-11.22,-9.61,-12.37,15
47089.332,1.395e-14,1,4.175e-09,1.246e-09,0.03722,0.1068,0.1969,0.0706,-19.52,-19.51,-19.58,-14.95,0.4449,0.05092,0.1323,0.2984,0.0244,-22.23,9.138e-11,-19.07,1.164e-10,4,0.09267,0.1223,0.7051,13420000,15820000,-12.43,-9.714,-13.3,27
24609.799,4.48e-15,0,7.01e-09,8.816e-10,0.5899,0.09098,0.1093,0.6687,-18.63,-17.23,-20.3,-15.37,0.9227,0.1532,0.4986,0.5805,0.003708,-23.18,1.437e-10,-18.66,5.907e-11,4,0.06986,0.09743,0.5762,11050000,11950000,-13.68,-9.064,-13.12,1
52651.051,3.53e-15,1,9.195e-09,5.39e-10,0.8592,0.07262,0.3457,0.8001,-20.28,-18.09,-19.92,-15.07,0.1873,0.2076,0.186,0.7326,0.01623,-23.33,1.584e-10,-17.79,1.09e-11,1,0.1292,0.08104,0.7087,12770000,15200000,-11.18,-9.923,-12.07,19
17920.428,1.37e-15,2,4.428e-09,9.195e-10,0.78,0.09478,0.01712,0.7389,-20.14,-19.92,-20.67,-15.96,0.7005,0.365,0.5646,1.583,0.01272,-23.85,1.809e-10,-19.24,1.362e-10,1,0.1059,0.04525,0.5804,11820000,12070000,-13.06,-9.163,-13.54,7
27965.023,3.9e-15,2,8.253e-09,6.818e-10,0.6664,0.08155,0.5468,0.46,-19.38,-19.21,-20.24,-16.47,0.04911,0.3073,0.09943,0.6889,0.02067,-21.7,5.459e-11,-18.39,1.339e-11,4,0.09917,0.1181,0.5728,11970000,14830000,-11.4,-10.24,-13.47,1
84326.195,6.53e-15,0,2.878e-09,5.322e-12,0.07061,0.08508,0.09426,0.3959,-19.89,-18.51,-19.81,-15.29,0.5794,0.1247,0.3725,3.472,0.007268,-23.09,1.314e-10,-17.1,1.09e-11,4,0.07309,0.03054,0.6504,13300000,14490000,-11.71,-10.35,-11.83,12
68081.75,6.92e-15,1,7.738e-09,4.515e-10,0.9846,0.02187,0.4776,0.4995,-18.84,-18.49,-19.32,-15.94,0.9307,0.1769,0.1275,0.2628,0.02035,-23.04,1.356e-10,-17.86,1.09e-11,4,0.08223,0.07546,0.6404,12120000,14160000,-13.41,-9.031,-11.52,17
71599.57,6.27e-15,2,6.458e-09,5.927e-10,0.0008046,0.1124,0.4729,0.6127,-18.35,-19.49,-19.1,-15.44,0.6796,0.1232,0.4254,8.362,0.02693,-23.69,1.558e-10,-18.64,4.758e-11,1,0.04187,0.1366,0.7721,12200000,14700000,-12.46,-9.109,-11.98,11
35142.816,5.4e-15,1,3.551e-09,7.366e-10,0.8204,0.1286,0.4985,0.8463,-19.71,-19.29,-18.56,-14.86,0.9176,0.004699,0.1763,3.047,0.004745,-21.93,6.632e-11,-18.02,1.09e-11,4,0.1048,0.08049,0.6818,13220000,11790000,-12.16,-9.638,-12.87,13
116301.16,4e-17,1,5.831e-09,9.123e-10,0.5203,0.1257,0.02866,0.2025,-18.95,-18.39,-18.88,-15.72,0.4242,0.3901,0.3879,2.271,0.005727,-21.96,6.338e-11,-17.15,1.09e-11,1,0.09791,0.09645,0.5263,11870000,16020000,-13.58,-8.27,-12.21,28
6561.8145,9.36e-15,2,2.988e-09,5.267e-10,0.4466,0.1482,0.1335,0.349,-18.87,-19.57,-18.8,-14.89,0.3694,0.09951,0.1532,0.2754,0.006188,-22.29,7.676e-11,-18.86,9.171e-11,4,0.1028,0.03654,0.6287,11190000,12200000,-12.38,-9.828,-13.79,32
83549.188,1.475e-14,1,1.103e-09,4.055e-10,0.4867,0.1049,0.07867,0.7463,-18.17,-20.01,-19.69,-16.32,0.1938,0.2383,0.1952,2.469,0.01694,-22.18,8.781e-11,-17.62,1.09e-11,1,0.101,0.0522,0.6056,13370000,12560000,-14.01,-9.428,-11.51,28
67902.086,8.62e-15,0,8.112e-09,4.686e-10,0.6588,0.03061,0.4332,0.3577,-18.59,-18.55,-18.68,-15.91,0.5194,0.1486,0.1756,0.5156,0.008029,-23.99,1.916e-10,-19.02,1.016e-10,1,0.06861,0.03992,0.5913,11540000,13570000,-12.77,-8.918,-13.1,24
12107.665,1.246e-14,1,1.272e-09,5.183e-10,0.4206,0.1334,0.5072,0.7176,-18.56,-17.31,-20.03,-14.73,0.99,0.1166,0.02044,3.539,0.009766,-23.01,1.334e-10,-18.79,6.037e-11,4,0.0559,0.07431,0.6235,12420000,11870000,-11.16,-9.914,-13.74,32
38612.363,1.136e-14,0,7.134e-09,2.311e-10,0.3514,0.04095,0.2064,0.9753,-18.38,-19.36,-19.19,-15.05,0.08869,0.03594,0.5391,1.754,0.02431,-21.54,3.029e-11,-17.57,1.09e-11,1,0.09317,0.08204,0.6359,11480000,12670000,-10.36,-10.75,-13.99,8
43024.613,4.41e-15,0,8.384e-09,4.965e-10,0.1465,0.06264,0.4037,0.02291,-18.65,-17.58,-19.85,-15.23,0.6812,0.3114,0.06267,4.081,0.009304,-22.75,1.252e-10,-19.84,2.188e-10,1,0.09,0.09861,0.6206,13550000,14930000,-14.27,-8.998,-13.56,9
89491.563,3.07e-15,0,8.918e-09,1.228e-09,0.3323,0.01455,0.1012,0.2274,-18.44,-19.89,-20.48,-14.71,0.6447,0.08688,0.2468,5.421,0.008282,-21.36,1.717e-11,-19.21,1.237e-10,4,0.1127,0.05531,0.6319,11730000,12270000,-12.51,-8.493,-12.8,29
24348.557,1.536e-14,0,1.711e-09,1.113e-09,0.3274,0.07423,0.1631,0.8797,-19.43,-17.88,-19.34,-14.41,0.01637,0.1331,0.01927,5.695,0.01212,-22.63,1.286e-10,-18.98,1.003e-10,1,0.06605,0.09496,0.6842,12680000,13280000,-13.48,-8.645,-13.88,9
39166.996,9.61e-15,0,5.867e-09,5.494e-10,0.7232,0.1108,0.2317,0.6361,-18.51,-18.15,-18.35,-15.43,0.7747,0.3426,0.05686,5.622,0.02858,-22.61,9.697e-11,-20.73,2.75e-10,1,0.02648,0.0706,0.5825,12050000,13230000,-12.08,-10.29,-13.58,24
19827.539,4.8e-15,0,5.573e-09,1.01e-09,0.6283,0.1398,0.482,0.1133,-17.76,-18.92,-20.82,-14.49,0.4684,0.2558,0.5284,2.569,0.001439,-22.25,6.422e-11,-18.51,2.916e-11,1,0.08883,0.04198,0.7303,12030000,16440000,-12.02,-10.44,-12.61,20
15876.858,1.306e-14,2,1.412e-09,1.665e-10,0.7081,0.05947,0.3668,0.3204,-18.61,-18.04,-20.15,-15.51,0.106,0.378,0.2933,5.062,0.00846,-23.81,1.792e-10,-18.87,8.994e-11,4,0.1148,0.06114,0.7121,13730000,14650000,-10.65,-10.6,-12.19,26
38403.344,6.71e-15,0,8.137e-09,9.856e-10,0.7777,0.03736,0.05337,0.2434,-19.92,-18.18,-19.03,-14.74,0.008147,0.09593,0.3094,7.229,0.01932,-23.47,1.489e-10,-19.12,9.604e-11,4,0.06917,0.09516,0.7064,11640000,12820000,-11.67,-10.46,-11.72,10
67038.641,7.9e-16,1,2.904e-09,4.724e-10,0.2308,0.05604,0.0369,0.2882,-17.7,-18.81,-19.35,-14.99,0.05062,0.11,0.008974,0.3308,0.01505,-22.8,1.078e-10,-17.99,1.09e-11,4,0.06798,0.1248,0.6278,12820000,12230000,-11.69,-10.35,-11.02,21
63024.336,5.85e-15,0,3.913e-09,1.176e-09,0.5396,0.003661,0.5165,0.5437,-17.41,-19.12,-19,-15.11,0.2905,0.3567,0.1582,2.813,0.003886,-21.06,9.721e-12,-19.27,1.497e-10,1,0.06491,0.0734,0.6412,12970000,12750000,-12.22,-10.11,-11.05,21
33248.664,6.13e-15,0,1.944e-09,1.121e-09,0.06401,0.07694,0.3626,0.9584,-19.35,-18.83,-19.78,-15.26,0.6002,0.3554,0.1962,4.371,0.006858,-23.43,1.57e-10,-18.59,4.009e-11,4,0.1218,0.09288,0.6477,12880000,13850000,-11.44,-9.846,-11.67,2
49613.402,1.334e-14,1,7.9e-10,8.2e-10,0.8895,0.1497,0.172,0.1516,-18.99,-18.44,-19.13,-15.01,0.38,0.319,0.06553,7.464,0.02531,-22.86,1.183e-10,-18.72,7.481e-11,1,0.1003,0.1161,0.6175,12310000,13100000,-13.33,-8.964,-13.03,5
72644.531,9.47e-15,0,1.567e-09,5.796e-10,0.9301,0.07037,0.5218,0.3358,-20.04,-18.96,-20.62,-14.69,0.5902,0.2406,0.5966,0.5384,0.02513,-22.85,1.123e-10,-19.55,2.096e-10,4,0.06656,0.07991,0.6591,13650000,13200000,-11.27,-9.73,-11.17,23
28372.996,1.194e-14,1,8.006e-09,1.35e-10,0.9971,0.01711,0.3542,0.3142,-18.54,-19.81,-19.73,-15.09,0.3275,0.2771,0.04452,1.324,0.02273,-21.23,1.397e-11,-18.62,3.702e-11,4,0.1081,0.07708,0.6606,13540000,12930000,-13.76,-10.03,-13.88,7
79321.164,1.236e-14,0,6.201e-10,1.077e-09,0.05104,0.04724,0.4152,0.765,-18.2,-18.01,-20.41,-15.01,0.4717,0.2039,0.2178,4.125,0.02289,-21.76,4.592e-11,-18.29,1.09e-11,1,0.1173,0.08613,0.6573,13200000,13310000,-13.8,-8.71,-12.16,22
24023.775,3.6e-16,2,3.165e-09,3.321e-10,0.4901,0.05132,0.2939,0.7521,-18.08,-18.42,-20.13,-14.97,0.1157,0.2237,0.573,0.3008,0.01414,-22.97,1.167e-10,-18.55,3.44e-11,4,0.07218,0.1104,0.6137,12360000,13950000,-12.96,-8.957,-13.38,30
15354.065,4.22e-15,0,2.423e-09,2.222e-10,0.472,0.000557,0.3057,0.7874,-18.25,-19.73,-19.37,-16.8,0.9559,0.07983,0.4081,0.8937,0.005122,-21.19,1.959e-11,-18.91,9.712e-11,4,0.05653,0.07274,0.6654,12260000,12370000,-13.37,-9.808,-13.66,11
31536.537,2.74e-15,1,1.998e-09,4.428e-10,0.6092,0.1083,0.5342,0.8902,-18.79,-18.9,-19.64,-15.15,0.5071,0.08207,0.5072,0.5027,0.01881,-21.87,4.939e-11,-20.27,2.621e-10,1,0.08003,0.1196,0.6182,12460000,15110000,-12.11,-10.53,-11.88,5
30423.789,1.298e-14,1,1.234e-09,7.673e-10,0.3864,0.1005,0.05689,0.4408,-19.05,-18.79,-20.09,-14.88,0.7481,0.03974,0.5839,0.2059,0.0222,-22.06,7.973e-11,-19.52,1.699e-10,4,0.06218,0.03697,0.6533,12590000,14560000,-11.63,-10.06,-13.93,16
71528.563,9.13e-15,0,2.262e-09,1.108e-10,0.02198,0.007851,0.1808,0.1647,-19.23,-18.89,-19.62,-15.38,0.7251,0.1568,0.04092,0.7764,0.01806,-21.81,5.172e-11,-19.31,1.426e-10,4,0.08274,0.06701,0.6069,11090000,13610000,-12.54,-9.503,-11.15,6
92790.445,8.81e-15,0,5.678e-09,8.718e-10,0.2605,0.05542,0.2516,0.102,-20.54,-20.09,-18.7,-14.43,0.4368,0.3988,0.2582,0.1956,0.01766,-22.71,1.221e-10,-18.27,1.09e-11,1,0.07389,0.08947,0.6861,13820000,12760000,-14.15,-8.612,-12.41,27
51122.301,9.72e-15,0,4.892e-09,6.266e-10,0.2756,0.1142,0.2789,0.4786,-20.7,-17.96,-19.97,-15.14,0.218,0.09101,0.1487,0.2141,0.003044,-21.79,4.406e-11,-18.96,1.027e-10,1,0.04665,0.03259,0.5868,13460000,12940000,-13.03,-9.521,-11.09,3
7330.5161,9e-15,2,4.055e-09,1.897e-10,0.3781,0.06538,0.001879,0.6293,-19.41,-19.2,-19.48,-15.2,0.842,0.06057,0.2496,7.938,0.00179,-22.57,9.418e-11,-19.03,1.1e-10,4,0.08617,0.1283,0.5449,12940000,14780000,-10.07,-10.91,-13.23,6
11454.752,1.545e-14,2,5.101e-09,2.505e-10,0.1185,0.06798,0.3914,0.6963,-18.97,-19.96,-19.59,-14.61,0.8267,0.2714,0.1376,0.4233,0.003182,-21.07,4.849e-12,-19.56,1.88e-10,1,0.07363,0.09135,0.6209,12860000,14080000,-11.73,-9.576,-12.74,3
17844.98,1.355e-14,0,5.465e-09,1.187e-09,0.8485,0.02006,0.08617,0.7078,-19.15,-18.33,-19.46,-15.59,0.3931,0.3313,0.1281,7.837,0.00356,-22.39,9.36e-11,-18.7,6.285e-11,4,0.112,0.08314,0.6555,12780000,12670000,-10.88,-10.65,-12.13,19
7227.8516,3.46e-15,2,4.275e-09,2.022e-10,0.6938,0.02533,0.04539,0.9048,-17.95,-18.54,-18.65,-14.76,0.8982,0.2614,0.5545,0.4454,0.006971,-22.66,1.053e-10,-19.68,1.73e-10,4,0.08491,0.1312,0.6756,13790000,14250000,-12.73,-9.48,-13.51,14
37119.715,1.48e-15,0,4.637e-09,2.959e-10,0.2565,0.1307,0.4219,0.9953,-19.12,-19.03,-18.42,-14.84,0.4119,0.1814,0.02835,0.2379,0.01557,-21.72,3.9e-11,-19.25,1.378e-10,4,0.1038,0.06955,0.699,13860000,13490000,-11.3,-10.09,-12.46,23
10512.912,2.4e-16,1,8.723e-09,1.232e-09,0.2044,0.05098,0.3832,0.4507,-18.11,-19.68,-19.88,-15.54,0.02437,0.06537,0.4836,0.5479,0.007743,-23.9,1.865e-10,-19.41,1.404e-10,1,0.07176,0.02589,0.65,13400000,12340000,-11.54,-9.982,-13.96,10
60654.008,9.1e-16,0,5.583e-10,9.7e-10,0.3044,0.06724,0.544,0.6485,-19.21,-19.11,-19.07,-16.04,0.3568,0.03,0.07253,8.22,0.001254,-23.4,1.536e-10,-19.38,1.302e-10,4,0.04836,0.04584,0.561,11680000,13430000,-13.2,-9.194,-13.43,14
64217.832,3.22e-15,0,7.523e-09,9.191e-11,0.752,0.1355,0.2114,0.1493,-19.83,-18.86,-19.83,-15.23,0.9044,0.1938,0.4392,0.8009,0.001606,-21.63,3.882e-11,-18.85,7.612e-11,1,0.07833,0.113,0.7442,12230000,11540000,-11.8,-10.22,-11.39,29
82771.688,1.401e-14,0,5.291e-09,8.08e-10,0.6728,0.0126,0.3145,0.2908,-18.15,-18.68,-19.15,-15.85,0.2873,0.07027,0.1073,0.3502,0.02891,-21.91,5.996e-11,-18.06,1.09e-11,1,0.08377,0.08321,0.6359,12890000,13050000,-11.95,-8.852,-11.95,2
27976.191,1.565e-14,1,3.532e-09,3.896e-10,0.9167,0.02959,0.443,0.5172,-18.12,-18.27,-19.96,-15.41,0.455,0.1636,0.2724,0.6688,0.01854,-23.2,1.388e-10,-18.57,5.302e-11,4,0.119,0.05934,0.4905,12130000,12100000,-10.55,-10.99,-12.75,21
64057.773,9.7e-16,0,1.504e-09,6.152e-10,0.9674,0.1216,0.1428,0.2558,-18.06,-17.63,-20.51,-15.47,0.7373,0.2351,0.09484,0.8165,0.02979,-21.13,1.211e-11,-19.07,8.466e-11,4,0.08138,0.06542,0.615,13030000,14320000,-11.96,-9.544,-12.01,5
69794.711,2.42e-15,0,3.824e-09,3.723e-10,0.8386,0.09845,0.3932,0.7275,-19.25,-18.76,-19.21,-15.3,0.2463,0.2981,0.1882,0.8806,0.01187,-22.28,8.456e-11,-18.94,8.207e-11,4,0.08466,0.01398,0.6387,12280000,14470000,-13.18,-9.343,-11.86,8
47481.66,7.62e-15,0,2.533e-09,8.542e-10,0.1614,0.07178,0.2556,0.8891,-17.91,-19.84,-20.11,-15.17,0.2317,0.1656,0.1437,7.098,0.006511,-22.41,9.796e-11,-18.52,4.999e-11,1,0.08799,0.1417,0.5566,13340000,14600000,-12.13,-9.305,-13.77,24
18168.814,6.2e-16,2,2.158e-09,4.627e-11,0.568,0.09671,0.3505,0.3708,-17.91,-18.21,-20.06,-14.39,0.4805,0.2644,0.08586,0.902,0.009034,-21.46,2.881e-11,-18.44,3.095e-11,1,0.04041,0.06825,0.6947,13120000,11780000,-10.28,-10.57,-13.37,25
48112.453,1.021e-14,2,4.731e-09,7.931e-10,0.511,0.138,0.5373,0.4201,-18.27,-19.38,-19.42,-16.3,0.6637,0.3723,0.1101,1.993,0.02616,-22.35,7.516e-11,-20.14,2.75e-10,1,0.1068,0.06203,0.5462,11900000,13530000,-11.12,-10.15,-11.91,12
76850.914,1.374e-14,2,4.777e-09,5.726e-11,0.5457,0.09417,0.3354,0.5092,-18.28,-18.63,-19.67,-15.62,0.1562,0.1072,0.2647,0.9493,0.02596,-22.55,1.013e-10,-19.14,1.276e-10,4,0.05832,0.15,0.593,11180000,14410000,-11.81,-10.17,-11.29,26
53152.68,2.31e-15,1,1.606e-09,2.068e-10,0.09795,0.1053,0.1272,0.5261,-18.71,-20.19,-19.93,-15.13,0.7565,0.2111,0.4948,0.6394,0.01996,-23.34,1.62e-10,-19.44,1.555e-10,1,0.1363,0.02862,0.5898,12990000,14350000,-10.81,-10.47,-11.7,18
28988.912,2.04e-15,0,4.482e-10,9.273e-10,0.6155,0.06045,0.409,0.8234,-20.17,-18.61,-20.36,-15.67,0.5493,0.3369,0.359,1.012,0.006671,-22.01,7.304e-11,-18.82,7.772e-11,4,0.07618,0.04709,0.6797,13260000,13150000,-12.98,-9.656,-13.32,19
20816.963,1.174e-14,0,3.173e-09,6.376e-10,0.8703,0.1157,0.2921,0.4308,-19.47,-18.35,-20.28,-16.44,0.2232,0.3639,0.1478,0.1353,0.002665,-22.12,6.948e-11,-17.95,1.09e-11,4,0.03028,0.1046,0.6127,11150000,15620000,-10.95,-9.951,-13.69,25
88040.742,1.274e-14,0,4.477e-09,6.02e-10,0.9009,0.1292,0.007353,0.04902,-18.89,-19.24,-19.53,-15.78,0.5518,0.2289,0.1225,0.844,0.005495,-21.27,2.138e-11,-19.92,1.605e-10,4,0.07048,0.1148,0.6645,11410000,15340000,-12.36,-8.836,-13.64,26
39320.582,1.041e-14,2,2.124e-09,8.963e-10,0.8672,0.05305,0.2249,0.03875,-18.03,-18.7,-19.76,-16.09,0.8645,0.04538,0.2349,0.8622,0.01345,-21.48,5.807e-11,-18.33,1.09e-11,1,0.07576,0.05043,0.8418,13180000,13990000,-12.23,-9.971,-12.69,7
10123.354,7.24e-15,2,3.629e-09,7.313e-10,0.5535,0.05757,0.4525,0.09121,-20.6,-18.24,-20.21,-16.54,0.1386,0.003778,0.2288,2.68,0.008755,-21.02,4.574e-12,-18.69,5.36e-11,4,0.1095,0.0494,0.6339,12400000,15890000,-11.05,-10.18,-13.72,14
104205.19,1.156e-14,0,1.84e-09,1.033e-09,0.7968,0.12,0.4016,0.1218,-18.46,-18.29,-18.14,-15.73,0.5684,0.1018,0.4569,0.168,0.009147,-23.75,1.784e-10,-19.77,1.992e-10,1,0.09453,0.08467,0.6961,11940000,13830000,-12.83,-8.536,-12.09,28
36464.867,1e-14,1,3.266e-09,1.079e-09,0.6882,0.07633,0.1267,0.3036,-18.42,-17.92,-19.88,-15.27,0.09619,0.1736,0.3674,0.9328,0.02182,-21.17,1.48e-11,-18.78,6.647e-11,1,0.06376,0.06769,0.6295,13760000,11450000,-12.88,-9.321,-12.99,12
50411.004,2.16e-15,0,6.173e-09,6.881e-11,0.5075,0.04246,0.5082,0.06503,-19.28,-19.05,-19.63,-15.08,0.2032,0.1905,0.003914,0.6094,0.01154,-22.95,1.345e-10,-19.48,1.541e-10,1,0.08711,0.0576,0.6424,12570000,12490000,-12.29,-9.441,-12.59,15
13013.811,2.91e-15,0,6.279e-09,8.654e-11,0.8936,0.08271,0.2691,0.133,-17.84,-17.74,-18.94,-15.65,0.2752,0.216,0.5446,3.945,0.003361,-23.53,1.475e-10,-19.04,1.046e-10,1,0.1167,0.1787,0.5711,13600000,15020000,-11.9,-10.4,-12.52,29
85726.125,1.057e-14,2,6.022e-09,4.094e-10,0.9578,0.002721,0.2031,0.8665,-18.8,-19.44,-20,-14.8,0.4079,0.01266,0.3516,7.645,0.0293,-23.15,1.207e-10,-18.75,6.886e-11,1,0.0383,0.01927,0.5982,13610000,15480000,-12.9,-8.786,-12.03,31
73460.609,1.067e-14,0,7.052e-09,3.132e-10,0.3633,0.1232,0.1128,0.777,-18.4,-19.74,-18.5,-16.21,0.1624,0.2563,0.405,3.794,0.01085,-22.03,8.289e-11,-19.63,1.919e-10,4,0.08957,0.01398,0.6253,13120000,15560000,-10.99,-10.13,-11.55,13
61116.203,1.426e-14,0,6.681e-09,1.322e-11,0.5901,0.1384,0.2607,0.6728,-18.81,-20.13,-20.73,-15.46,0.6314,0.1472,0.3003,2.046,0.005571,-22.32,8.953e-11,-19.61,1.813e-10,4,0.09198,0.08534,0.7586,11790000,12580000,-13.9,-9.248,-11.47,12
68145.047,1.497e-14,2,6.758e-09,9.591e-10,0.924,0.1128,0.49,0.2324,-18.76,-18.76,-18.82,-14.52,0.6987,0.04121,0.5191,5.949,0.005299,-21.61,3.638e-11,-18.23,1.09e-11,1,0.09375,0.1079,0.6029,11250000,12430000,-13.14,-9.396,-11.43,15
26687.695,3.71e-15,2,1.039e-09,9.9e-10,0.9405,0.01506,0.2351,0.01595,-19.6,-19.44,-18.43,-14.27,0.7913,0.2828,0.3253,5.86,0.004842,-22.52,1.011e-10,-18.56,2.409e-11,1,0.1018,0.0509,0.6379,11720000,14140000,-10.48,-10.51,-11.8,21
22262.59,1.511e-14,0,7.922e-09,8.247e-10,0.4123,0.03339,0.4539,0.8525,-19.77,-19.27,-19.28,-14.64,0.9726,0.3834,0.4406,0.7628,0.01369,-23.59,1.615e-10,-18.13,1.09e-11,4,0.07684,0.08717,0.6629,11750000,12700000,-11.25,-10.11,-13.84,20
40665.523,6.4e-15,0,4.212e-09,7.025e-10,0.04815,0.03215,0.1447,0.3889,-19.98,-17.46,-20.38,-15.22,0.8313,0.3704,0.3818,8.063,0.02804,-21.32,2.445e-11,-19.46,1.636e-10,1,0.1101,0.06868,0.6781,11630000,13120000,-11.87,-10.84,-13.43,31
36485.449,5.07e-15,0,2.675e-09,2.883e-10,0.6377,0.1195,0.1187,0.8343,-17.63,-19.32,-19.53,-14.9,0.5359,0.008084,0.007497,4.63,0.004315,-23.31,1.401e-10,-19.15,1.205e-10,4,0.1267,0.01398,0.7212,11130000,15690000,-12.59,-9.855,-12.24,16
38940.227,5.29e-15,0,2.472e-09,4.821e-10,0.7389,0.09225,0.01409,0.5331,-18.74,-20.35,-20.26,-14.93,0.3356,0.1688,0.09024,0.4067,0.00955,-22.91,1.097e-10,-18.41,1.888e-11,1,0.007846,0.0607,0.6449,11990000,15260000,-12.06,-9.992,-12.28,22
25379.951,1.168e-14,2,7.465e-09,1.263e-09,0.2476,0.04855,0.04381,0.9247,-17.87,-18.07,-20.08,-15.86,0.7892,0.3262,0.01584,0.1159,0.01066,-23.24,1.419e-10,-18.61,4.681e-11,4,0.07458,0.0713,0.674,11600000,14050000,-11.46,-11.05,-11.76,30
60534.18,1.85e-15,2,7.627e-10,1.165e-09,0.21,0.03796,0.4287,0.4118,-19.81,-17.91,-19.55,-16.7,0.6163,0.1289,0.1805,6.497,0.00762,-22.47,7.145e-11,-18.81,7.33e-11,1,0.07909,0.07254,0.6893,12700000,12630000,-11.37,-9.871,-11.07,25
17076.754,5.12e-15,0,4.995e-09,1.196e-09,0.3943,0.04364,0.3772,0.006044,-18.49,-20.44,-20.5,-14.13,0.7671,0.3324,0.1188,3.151,0.01291,-23.64,1.693e-10,-18.94,8.363e-11,4,0.061,0.1062,0.5156,12660000,12000000,-10.9,-10.71,-12.82,4
67483.969,1.13e-15,0,6.623e-09,3.566e-10,0.1734,0.08951,0.4683,0.6543,-19.67,-18.65,-20.35,-15.68,0.9647,0.0556,0.1709,6.529,0.02746,-22.48,1.141e-10,-18.46,4.337e-11,1,0.07806,0.1027,0.6723,11280000,12980000,-11.5,-9.742,-12.48,31
27766.578,6.01e-15,0,3.532e-10,6.581e-10,0.2982,0.02289,0.3711,0.5749,-18.67,-19.14,-20.56,-16.35,0.3118,0.3025,0.06904,0.357,0.01032,-23.93,1.859e-10,-18.68,4.235e-11,1,0.146,0.1735,0.7848,11380000,13170000,-12.26,-9.591,-12.95,4
52758.988,5.67e-15,1,9.14e-09,1.015e-09,0.7607,0.02797,0.02409,0.4891,-18.91,-18.32,-19.44,-15.89,0.8595,0.01654,0.1623,6.893,0.002805,-23.82,1.831e-10,-19.36,1.184e-10,1,0.08565,0.1007,0.644,13840000,12860000,-12.32,-10.05,-11.3,16
37286.395,8.45e-15,1,7.269e-09,6.671e-10,0.9738,0.08844,0.3023,0.918,-18.21,-18.74,-20.86,-14.81,0.06296,0.05717,0.1132,1.194,0.004163,-23.25,1.682e-10,-20.38,2.75e-10,1,0.08341,0.1089,0.6329,13060000,13900000,-11.76,-9.894,-11.65,15
20821.486,7.04e-15,2,8.79e-09,7.542e-10,0.6401,0.01064,0.5267,0.2782,-20.3,-19.39,-19.49,-15.33,0.8198,0.2911,0.03609,0.3854,0.01647,-23.67,1.762e-10,-18.98,8.91e-11,1,0.08038,0.09957,0.6732,12630000,14880000,-11.57,-10.32,-13.2,23
66204.828,4.75e-15,0,7.853e-09,1.146e-09,0.1545,0.045,0.06927,0.6898,-18.69,-17.84,-20.18,-15.51,0.5895,0.02377,0.2831,0.1487,0.02798,-22.99,1.264e-10,-19.19,1.129e-10,4,0.09652,0.0533,0.6036,11840000,13020000,-11.59,-10.25,-11.34,26
39760.547,8.08e-15,1,2.767e-09,3.433e-10,0.1361,0.07861,0.08954,0.1984,-19.06,-19.6,-18.97,-16.17,0.07099,0.1867,0.5913,0.4798,0.02374,-23.1,1.454e-10,-20,2.263e-10,1,0.09703,0.1058,0.6689,11510000,11360000,-12.62,-10.02,-12.42,18
6619.8022,1.442e-14,2,8.537e-09,6.868e-10,0.2897,0.08683,0.4943,0.364,-17.78,-19.07,-19.4,-16.13,0.03891,0.351,0.5202,7.297,0.004507,-23.77,1.738e-10,-18.91,8.702e-11,4,0.05394,0.04255,0.7351,11350000,13800000,-13.26,-9.666,-13.27,28
33520.34,7.95e-15,0,6.519e-09,3.241e-10,0.01927,0.1283,0.3501,0.6216,-20.52,-18.94,-19.32,-14.42,0.7266,0.2551,0.07056,3.015,0.01484,-22.13,7.384e-11,-19.1,1.199e-10,1,0.09602,0.0956,0.7087,12360000,12130000,-12.42,-10.26,-12.26,16
81393.781,9.88e-15,0,6.091e-09,1.325e-10,0.9557,0.07608,0.05385,0.9441,-18.93,-18.18,-19.68,-15.74,0.2696,0.1385,0.1157,0.1688,0.02972,-22.25,8.516e-11,-17.74,1.09e-11,4,0.07762,0.01741,0.6092,13600000,14650000,-12.82,-9.739,-12.13,19
45688.016,2.74e-15,2,3.098e-09,7.98e-10,0.8943,0.1423,0.3636,0.5362,-20.2,-18.33,-19.1,-15.42,0.9293,0.1437,0.5544,5.662,0.01203,-21.94,6.157e-11,-17.71,1.09e-11,1,0.06919,0.09916,0.7132,12140000,13260000,-11.37,-10.31,-12.61,10
23753.85,6.5e-16,2,2.999e-09,1.457e-10,0.8093,0.001877,0.1118,0.6699,-18.27,-17.36,-19.83,-15.72,0.8559,0.08484,0.1847,2.688,0.007851,-23.52,1.647e-10,-18.47,1.09e-11,4,0.09706,0.09088,0.5838,13760000,12560000,-13.96,-8.219,-12.88,8
13649.375,1.143e-14,2,9.476e-09,4.494e-10,0.3064,0.06837,0.07943,0.02684,-17.88,-19.15,-19.26,-15.03,0.354,0.05211,0.5963,0.7831,0.004336,-23.57,1.688e-10,-19.42,1.502e-10,1,0.1155,0.05583,0.6345,13420000,13980000,-12.86,-9.214,-12.77,8
22990.111,1.574e-14,2,8.551e-10,6.968e-10,0.6226,0.003986,0.3654,0.3273,-19.95,-18.5,-19.58,-14.68,0.9893,0.2625,0.287,2.245,0.01779,-21.42,3.04e-11,-19.47,1.705e-10,4,0.08817,0.07025,0.6816,12650000,15850000,-13.58,-8.729,-13.86,21
52561.328,4.54e-15,0,2.254e-09,4.434e-10,0.8885,0.08643,0.4655,0.8747,-19.29,-17.93,-20.08,-14.77,0.4975,0.2827,0.3433,0.642,0.02458,-22.61,1.12e-10,-19.75,1.719e-10,4,0.02223,0.09387,0.8418,12210000,13120000,-12.95,-9.181,-12.42,9
6826.2153,8.16e-15,2,6.986e-09,4.829e-10,0.6828,0.145,0.08395,0.9851,-19.49,-18.59,-19.78,-15.69,0.1119,0.03521,0.007012,7.607,0.002689,-22.54,1.005e-10,-19.32,1.227e-10,1,0.1619,0.05427,0.6501,12930000,13720000,-12.32,-9.89,-13.02,2
41251.234,3.16e-15,0,1.203e-09,1.094e-09,0.475,0.0589,0.2714,0.3036,-19.14,-18.53,-18.37,-15.53,0.4521,0.2749,0.07204,0.1486,0.02232,-21.9,5.054e-11,-18.51,4.432e-11,1,0.06991,0.04163,0.6607,13680000,12700000,-11.64,-10.24,-13.69,22
9823.2813,1.81e-15,0,1.842e-09,7.496e-10,0.0921,0.109,0.02613,0.4179,-20.41,-18.86,-19.59,-15.23,0.1943,0.3998,0.5044,0.2831,0.004121,-23.25,1.355e-10,-19.17,1.107e-10,1,0.1004,0.05636,0.5785,13150000,15210000,-10.64,-10.12,-13.54,1
23552.754,5.91e-15,0,6.342e-09,1.013e-09,0.1172,0.1324,0.2436,0.3145,-19.25,-18.97,-20.19,-15.06,0.6798,0.3274,0.208,7.206,0.005557,-21.98,8.988e-11,-18.99,1.028e-10,4,0.08257,0.01398,0.6011,11990000,15420000,-10.55,-10.84,-11.9,30
5765.4478,1.027e-14,2,4.354e-09,4.11e-10,0.1469,0.1495,0.1701,0.1116,-18.52,-19.24,-20.3,-15.51,0.3337,0.1199,0.5316,0.2309,0.005739,-23.48,1.585e-10,-18.97,9.141e-11,1,0.1323,0.08353,0.7236,11820000,12050000,-12.4,-9.446,-13.65,15
45917.133,1.068e-14,0,6.423e-09,9.007e-10,0.7424,0.04304,0.1302,0.7012,-19.88,-18.74,-19.07,-15.32,0.634,0.3178,0.2992,0.3907,0.01716,-23.59,1.671e-10,-19.14,1.311e-10,1,0.09407,0.1711,0.684,13040000,12080000,-12.45,-9.475,-12.35,20
41736.754,4.8e-15,2,3.664e-09,8.547e-10,0.901,0.01354,0.4325,0.6942,-19.6,-20.23,-20.68,-14.73,0.2886,0.2788,0.1524,0.8868,0.006074,-22.94,1.282e-10,-18.4,2.906e-11,4,0.1188,0.06097,0.5984,12950000,11860000,-13.57,-9.646,-12.06,29
51336.613,3.78e-15,0,6.783e-09,1.658e-10,0.4484,0.0195,0.4431,0.439,-18.64,-19.87,-19.98,-15.39,0.09413,0.05617,0.5148,0.3592,0.008186,-23.65,1.72e-10,-19.89,1.961e-10,4,0.1146,0.06845,0.6188,11270000,12500000,-14.09,-8.934,-11.61,9
32488.926,1.214e-14,1,1.02e-09,9.008e-11,0.7355,0.1292,0.2072,0.2411,-19.54,-17.54,-20.04,-15.18,0.9673,0.212,0.4973,3.454,0.007474,-22.86,1.095e-10,-18.32,1.09e-11,4,0.03428,0.08555,0.6589,12560000,13580000,-11.88,-10.05,-11.93,9
104194.95,8.49e-15,0,7.764e-09,3.59e-10,0.08729,0.1114,0.2409,0.1792,-19.35,-19.49,-20.47,-15.13,0.3763,0.01725,0.5381,3.533,0.01659,-23.16,1.423e-10,-18.68,6.706e-11,4,0.0594,0.02075,0.6531,13890000,14540000,-12.71,-8.811,-11.8,12
24299.715,9.41e-15,0,8.372e-09,5.041e-10,0.1879,0.01833,0.1452,0.3978,-19.85,-17.91,-20.28,-15.57,0.8842,0.2085,0.1255,0.9207,0.00281,-22.43,8.71e-11,-19.35,1.439e-10,4,0.0689,0.09869,0.6158,13360000,13180000,-13.5,-9.871,-12.29,15
20449.244,1.6e-16,0,2.19e-09,8.628e-10,0.7159,0.02527,0.3193,0.6526,-18.12,-18.63,-19.39,-14.74,0.8756,0.1053,0.1605,6.318,0.005174,-21.55,4.254e-11,-19.5,2.62e-10,4,0.11,0.1094,0.5813,12710000,12020000,-10.43,-10.28,-12.4,25
39469.965,3.4e-16,0,5.308e-09,1.05e-09,0.1606,0.01556,0.4402,0.6112,-17.56,-18.25,-20.39,-14.17,0.7854,0.1792,0.225,1.011,0.02539,-23.4,1.521e-10,-18.73,5.413e-11,1,0.07587,0.01398,0.6697,13240000,12840000,-10.72,-10.42,-12.69,8
98950.945,1.21e-15,0,4.845e-09,4.725e-10,0.6937,0.03819,0.2373,0.8082,-18.75,-19.36,-20.81,-15.9,0.3667,0.1441,0.482,5.544,0.02799,-21.38,1.849e-11,-18.77,7.004e-11,1,0.07793,0.07571,0.5374,11440000,12420000,-14.18,-9.161,-12,8
123191.32,1.91e-15,0,8.261e-09,5.279e-10,0.2542,0.14,0.4805,0.2326,-19.81,-19.32,-18.77,-16.07,0.666,0.006578,0.4325,0.4465,0.02304,-23.09,1.443e-10,-18.18,1.09e-11,1,0.1483,0.06771,0.6766,11090000,13960000,-13,-8.976,-13.14,28
24475.445,1.28e-14,0,8.033e-09,7.683e-10,0.04544,0.04183,0.2981,0.42,-20.26,-19.62,-18.69,-16.05,0.1543,0.1953,0.1316,0.6911,0.01541,-22.2,9.93e-11,-18.84,7.444e-11,1,0.0489,0.1309,0.5891,12440000,12750000,-11.97,-10.3,-13.07,1
65196.613,1.47e-14,2,5.976e-10,1.195e-09,0.4377,0.07012,0.4193,0.3655,-18.1,-19.06,-20.72,-15.83,0.8278,0.2456,0.4317,0.2636,0.0011,-23.67,1.636e-10,-18.81,8.647e-11,4,0.09507,0.1136,0.6057,13290000,12600000,-11.95,-10.14,-11.29,20
142736.73,9.7e-16,0,3.359e-10,1.034e-09,0.2002,0.06456,0.3743,0.04916,-19.05,-18.84,-19.04,-15.33,0.0699,0.1875,0.4474,6.68,0.02241,-23.1,1.2e-10,-19.46,1.664e-10,1,0.1061,0.0728,0.6266,13390000,12670000,-13.2,-8.258,-13.4,31
41829.043,3.54e-15,0,3.249e-09,9.331e-10,0.1318,0.1109,0.009806,0.967,-19.22,-18.13,-20.44,-14.32,0.6949,0.3404,0.2452,0.3018,0.002129,-22.65,1.134e-10,-19.2,1.26e-10,1,0.07475,0.04452,0.6258,11610000,12190000,-11.13,-9.826,-11.55,20
78732.328,1.043e-14,0,8.055e-09,1.146e-09,0.195,0.1432,0.4133,0.9015,-18.89,-19.91,-19.8,-15.57,0.2026,0.3729,0.05262,5.27,0.01948,-22.57,1.016e-10,-19.25,1.32e-10,1,0.05264,0.08307,0.5652,11800000,11630000,-13.43,-9.074,-11.86,27
80715.789,4.75e-15,0,8.41e-09,6.661e-11,0.0009603,0.09474,0.5482,0.2778,-18.79,-18.38,-19.91,-15.21,0.0593,0.3712,0.1359,3.863,0.005869,-22.36,9.345e-11,-17.96,1.09e-11,4,0.1094,0.13,0.5256,11700000,15320000,-11.7,-9.513,-11.1,26
23034.061,1.4e-14,2,1.995e-09,1.984e-10,0.2387,0.04542,0.1389,0.9319,-17.83,-18.02,-18.67,-15.02,0.607,0.2346,0.5901,0.5571,0.01737,-22.8,1.086e-10,-18.58,5.553e-11,1,0.1211,0.08023,0.6561,12250000,15370000,-13.03,-8.648,-13.25,23
76104.422,1.124e-14,0,2.9e-09,2.984e-10,0.5838,0.1357,0.2773,0.9992,-18.03,-17.39,-19.64,-15.98,0.6537,0.1993,0.39,0.5177,0.01475,-23.13,1.402e-10,-18.76,6.372e-11,1,0.07193,0.0387,0.4905,13080000,14220000,-11.77,-10.08,-11.52,22
59519.805,7.87e-15,0,6.214e-09,3.722e-10,0.9347,0.1274,0.2495,0.508,-18.8,-18.47,-19.79,-14.45,0.622,0.3349,0.1381,0.4249,0.02113,-22.06,6.154e-11,-18.67,4.508e-11,1,0.1064,0.02632,0.6323,13800000,13270000,-13.33,-9.558,-12.1,7
27517.428,1.382e-14,0,6.913e-09,8.201e-10,0.9686,0.004693,0.3427,0.7578,-18.73,-19.04,-20.33,-14.83,0.1389,0.1234,0.2116,3.272,0.003655,-21.69,4.05e-11,-18.27,2.287e-11,1,0.1274,0.1203,0.6964,12020000,12920000,-11.71,-9.009,-13.81,4
55092.078,1.289e-14,0,3.721e-09,6.474e-10,0.7529,0.07781,0.1719,0.07798,-18.33,-18.75,-19.36,-14.96,0.02826,0.3509,0.2511,0.8365,0.02894,-22.2,7.069e-11,-18.7,5.919e-11,1,0.09974,0.1064,0.5922,11750000,14510000,-12.66,-9.789,-12.62,3
26557.014,9.28e-15,2,1.953e-09,3.371e-10,0.3557,0.05624,0.2258,0.5555,-18.36,-19.78,-18.43,-15.49,0.2144,0.3207,0.01285,0.1218,0.00773,-23.35,1.489e-10,-18.21,3.198e-11,1,0.07953,0.02749,0.6107,12890000,12660000,-10.28,-11.21,-11.76,11
64852.332,7.33e-15,1,5.538e-09,6.466e-10,0.532,0.08952,0.523,0.1046,-19.47,-18.9,-19.65,-15.27,0.898,0.04698,0.0005285,0.138,0.01832,-21.46,3.475e-11,-18.13,1.09e-11,1,0.0865,0.04354,0.6923,13550000,13850000,-10.75,-9.719,-11.46,18
72473.109,8.26e-15,1,1.401e-09,2.515e-10,0.03561,0.009479,0.4502,0.2697,-18.53,-18,-20.58,-16.25,0.4003,0.2863,0.05774,4.514,0.01329,-21.73,6.644e-11,-18.65,4.79e-11,1,0.09077,0.03475,0.6574,12920000,11950000,-13.78,-8.504,-11.17,11
71490.211,9.76e-15,2,7.146e-09,2.376e-10,0.8707,0.09825,0.4778,0.5159,-17.72,-17.59,-19.28,-15.27,0.1706,0.2404,0.4943,0.7262,0.01636,-21.8,5.883e-11,-18.97,9.347e-11,4,0.09296,0.06441,0.6985,11630000,12350000,-10.19,-10.62,-11.37,19
72814.719,1.357e-14,0,2.409e-09,1.141e-09,0.8551,0.1458,0.1629,0.1374,-18.61,-18.37,-20.84,-15.64,0.5835,0.1109,0.01128,2.605,0.01136,-23.88,1.827e-10,-18.94,8.151e-11,1,0.04644,0.1351,0.5271,12380000,13660000,-11.66,-8.833,-12.83,15
11135.517,1.324e-14,1,2.858e-09,6.075e-10,0.6511,0.124,0.3859,0.8192,-18.48,-20.51,-20.01,-14.83,0.8442,0.0931,0.2568,0.6618,0.008758,-21.3,1.431e-11,-18.55,1.675e-11,4,0.05193,0.07965,0.6137,12830000,11640000,-11.5,-9.592,-13.84,10
67006.352,1.422e-14,2,1.676e-09,1.067e-09,0.3804,0.0399,0.01685,0.584,-18.67,-19.27,-18.64,-15,0.5386,0.1634,0.5227,0.7007,0.02047,-21.15,1.275e-11,-19.97,2.75e-10,1,0.09786,0.07889,0.5691,13020000,14370000,-12.04,-9.845,-11.03,11
27467.209,9.09e-15,0,8.675e-09,8.416e-10,0.06931,0.02937,0.3272,0.2216,-19.18,-18.2,-20.37,-16.02,0.3193,0.2491,0.03572,1.8,0.007,-22.73,1.066e-10,-18.07,1.09e-11,4,0.09643,0.09305,0.5071,12670000,14770000,-12.1,-9.996,-13.77,14
54226,1.446e-14,0,6.195e-09,4.291e-10,0.1264,0.0003789,0.013,0.9788,-19.59,-20.17,-19.85,-15.61,0.6443,0.08327,0.1943,0.9074,0.02692,-22.81,1.18e-10,-18.43,1.09e-11,4,0.06603,0.1475,0.6435,11670000,12850000,-10.03,-10.68,-12.03,24
49126.352,1.47e-15,1,4.737e-09,1.192e-09,0.3122,0.09201,0.3214,0.6061,-20.73,-18.91,-18.91,-14.85,0.2791,0.09114,0.4501,2.913,0.01076,-22.52,9.64e-11,-18.86,8.047e-11,4,0.06046,0.08448,0.629,11520000,13880000,-12.77,-9.033,-11.41,3
4009.5818,1.558e-14,0,5.262e-09,2.092e-10,0.4971,0.1149,0.4974,0.526,-17.88,-18.94,-19.17,-16.53,0.8004,0.3019,0.3279,4.781,0.001617,-22.34,7.884e-11,-20.38,2.75e-10,4,0.08995,0.03211,0.6878,13520000,13140000,-10.87,-10.52,-13.28,2
74090.773,1.525e-14,2,7.783e-09,5.55e-10,0.3406,0.0933,0.1947,0.8571,-20.1,-17.17,-20.25,-14.54,0.9196,0.2017,0.1485,0.8289,0.02194,-23.31,1.575e-10,-19.78,2.2e-10,4,0.1042,0.08743,0.6079,11190000,13460000,-12.36,-9.681,-11.14,28
17861.922,3.92e-15,1,7.608e-09,5.771e-10,0.4638,0.04802,0.5436,0.6734,-18.41,-18.09,-20.05,-15.15,0.7452,0.3152,0.02761,0.8788,0.002516,-21.09,8.186e-12,-19.02,1.181e-10,1,0.05808,0.09219,0.6296,11570000,15590000,-11.92,-9.12,-13.62,5
11576.666,1.137e-14,0,4.085e-09,1.057e-09,0.2189,0.09138,0.03475,0.452,-18.63,-18.51,-20.63,-15.17,0.2526,0.3662,0.1746,0.9387,0.007245,-21.93,5.429e-11,-19.08,1.222e-10,4,0.1114,0.05331,0.6723,12620000,12620000,-11.27,-10.09,-14,17
9730.626,1.261e-14,2,4.377e-09,9.796e-10,0.0711,0.08841,0.4864,0.7208,-19.07,-17.8,-19.51,-14.11,0.01141,0.1656,0.3056,6.171,0.005455,-21.01,3.185e-12,-18.87,7.345e-11,1,0.03466,0.07499,0.622,13840000,13040000,-13.94,-9.275,-13.16,13
60459.73,1.479e-14,0,5.598e-09,5.919e-10,0.8183,0.01336,0.2676,0.3371,-20.57,-17.65,-19.44,-14.95,0.3867,0.1143,0.3935,6.882,0.02834,-23.41,1.551e-10,-18.92,8.351e-11,1,0.08537,0.01398,0.5545,11140000,11470000,-11.46,-9.477,-12.16,7
69649.305,6.48e-15,0,4.649e-09,6.735e-10,0.6638,0.04721,0.06701,0.06347,-19.64,-19.2,-19.72,-16.11,0.8348,0.1893,0.1791,3.189,0.001807,-21.06,5.995e-12,-19.33,1.381e-10,4,0.08675,0.08568,0.5872,11980000,16160000,-13.77,-9.243,-13.61,23
35781.219,8.7e-16,2,5.925e-09,8.063e-10,0.5285,0.07897,0.4621,0.6812,-18.25,-18.63,-19.45,-15.66,0.2318,0.2672,0.5512,6.008,0.02438,-22.64,9.47e-11,-18.6,3.515e-11,4,0.07312,0.04689,0.6035,12810000,14920000,-11.6,-9.413,-13.51,32
47251.43,2.44e-15,1,9.351e-09,9.438e-10,0.7688,0.1131,0.04339,0.4659,-18.31,-17.87,-18.97,-14.91,0.5474,0.2908,0.4644,0.4932,0.003471,-22.68,1.222e-10,-17.85,1.09e-11,4,0.06452,0.05856,0.6451,11770000,12230000,-12.54,-8.926,-13.01,14
81034.555,1.225e-14,0,5.379e-09,1.843e-10,0.2728,0.07473,0.429,0.562,-17.91,-19.29,-18.32,-15.44,0.4863,0.3376,0.4185,0.8584,0.004587,-22.97,1.321e-10,-19.25,1.133e-10,4,0.06691,0.09772,0.641,11400000,15080000,-12.57,-9.106,-11.98,14
5344.9531,2.11e-15,1,9.033e-09,3.83e-10,0.9948,0.02821,0.4232,0.6396,-20.3,-19.44,-19.23,-15.1,0.7394,0.3914,0.4597,5.091,0.004951,-22.76,1.154e-10,-19.65,1.54e-10,1,0.07687,0.06669,0.5595,11410000,13600000,-11.35,-11.05,-13.72,30
53900.18,3.27e-15,0,6.706e-09,2.262e-10,0.5787,0.04972,0.2118,0.8466,-18.7,-18.15,-19.94,-14.5,0.7692,0.3842,0.1995,4.685,0.01986,-21.87,5.713e-11,-18.34,2.13e-11,1,0.1406,0.1972,0.7048,13720000,16330000,-11.07,-10.68,-11.68,19
97181.477,1.166e-14,1,8.521e-09,9.951e-10,0.3216,0.03335,0.2542,0.1521,-17.45,-20.15,-19.48,-15.78,0.9981,0.206,0.1416,1.162,0.02953,-21.44,2.692e-11,-19.67,1.927e-10,1,0.0433,0.06613,0.5957,13120000,13390000,-12.26,-8.586,-11.43,12
27315.932,5.51e-15,2,5.185e-09,4.039e-10,0.8672,0.1048,0.3361,0.01269,-18.92,-17.47,-19.54,-16.4,0.2264,0.02189,0.08777,0.5976,0.01861,-22.1,6.841e-11,-19.39,1.464e-10,1,0.06536,0.09026,0.6637,12520000,13900000,-11.75,-10.17,-12.93,25
35758.309,5.25e-15,0,3.366e-09,7.803e-10,0.4216,0.07983,0.1535,0.3486,-18.5,-19.97,-20.54,-15.11,0.4184,0.1309,0.1704,0.3193,0.02003,-22.29,7.1e-11,-18.62,5.05e-11,1,0.05667,0.1022,0.6677,11310000,16610000,-13.07,-9.952,-13.42,5
28482.111,7.24e-15,0,1.465e-09,7.357e-10,0.2629,0.006547,0.3132,0.776,-18.24,-19.17,-19.42,-14.62,0.186,0.2289,0.1072,6.646,0.01892,-23.84,1.856e-10,-18.81,7.682e-11,1,0.08475,0.06935,0.6311,12290000,16010000,-10.99,-10.16,-13.26,25
96232.992,1.239e-14,0,5.061e-09,6.26e-10,0.8404,0.1018,0.1901,0.009421,-19.42,-18.3,-19.97,-14.92,0.04272,0.2223,0.07874,0.4607,0.02587,-21.29,1.665e-11,-17.11,1.09e-11,4,0.08124,0.1164,0.6224,12170000,12980000,-10.49,-10.57,-12.2,25
47639.738,4.34e-15,1,4.602e-09,1.234e-09,0.9752,0.08259,0.06487,0.8627,-18.58,-19.57,-20.14,-16.32,0.9399,0.1555,0.3771,7.867,0.006642,-23,1.301e-10,-18.54,3.943e-11,1,0.1126,0.101,0.6519,13000000,13640000,-12.16,-9.759,-11.49,11
49053.512,1.176e-14,1,1.717e-09,1.127e-10,0.9182,0.1345,0.09067,0.7659,-18.85,-19.73,-19.75,-15.46,0.1224,0.3948,0.09357,8.068,0.009999,-21.1,1.14e-11,-19.05,1.094e-10,1,0.08129,0.0468,0.6546,11850000,14160000,-12.23,-9.338,-12.36,16
9511.502,5.82e-15,1,2.119e-09,1.23e-09,0.2977,0.03528,0.4566,0.578,-18.87,-17.96,-19.93,-15.15,0.4388,0.07204,0.3583,0.6204,0.006886,-23.31,1.614e-10,-18.68,6.128e-11,4,0.08336,0.06231,0.639,11360000,12800000,-11.24,-10.89,-13.56,3
36082.953,1.31e-14,2,9.313e-09,1.085e-09,0.7003,0.0221,0.108,0.1656,-18.2,-19.08,-19.87,-15.77,0.684,0.3567,0.05071,5.464,0.02639,-23.98,1.907e-10,-18.16,1.09e-11,4,0.09255,0.05975,0.7004,13480000,13000000,-12.08,-10.01,-13.89,27
69816.492,1.438e-14,0,7.908e-09,7.24e-10,0.9464,0.1474,0.4068,0.4499,-18.22,-18.69,-18.57,-14.47,0.5525,0.09602,0.1654,1.643,0.003907,-23.92,1.865e-10,-18.48,5.168e-11,4,0.07084,0.05788,0.5519,12320000,14060000,-13.14,-9.366,-11.59,24
55070.785,4.8e-16,2,8.225e-09,5.578e-11,0.6186,0.06737,0.2969,0.4869,-18.99,-20,-20.02,-16.51,0.7067,0.3541,0.1169,8.312,0.009426,-22.87,1.268e-10,-18.71,6.525e-11,1,0.07332,0.05272,0.789,13640000,13740000,-12.01,-9.606,-11.07,20
96450.969,3.41e-15,0,4.201e-09,6.718e-10,0.5928,0.05126,0.003514,0.2097,-18.96,-18.45,-19.86,-16.16,0.7125,0.06892,0.1583,0.5318,0.002053,-21.2,2.326e-11,-18.9,9.844e-11,4,0.007846,0.0365,0.694,11490000,13430000,-13.69,-8.698,-12.73,24
44015.316,2.24e-15,0,3.538e-09,7.001e-10,0.7956,0.03613,0.1375,0.08634,-19.41,-19.01,-19.06,-15.62,0.7954,0.2279,0.04022,0.7453,0.002303,-22.91,1.205e-10,-18.63,4.273e-11,1,0.08736,0.0717,0.6784,13150000,12310000,-11.84,-10.07,-11.64,24
21951.1,7.64e-15,2,7.094e-09,9.259e-10,0.1559,0.01149,0.5152,0.8304,-19.01,-18.71,-18.51,-16.68,0.8157,0.3792,0.3465,0.478,0.008436,-23.9,1.771e-10,-18.28,1.09e-11,4,0.05484,0.06513,0.6729,11220000,15000000,-12.9,-9.298,-12.75,2
29716.867,1.192e-14,1,2.766e-09,5.856e-12,0.6427,0.03023,0.05865,0.03236,-18,-18.28,-20.13,-14.69,0.106,0.1016,0.03637,7.453,0.009204,-23.78,1.712e-10,-19.58,1.627e-10,1,0.07112,0.03928,0.7383,11050000,14810000,-12,-9.973,-11.95,6
8403.5469,7.59e-15,2,9.426e-10,3.519e-10,0.4518,0.1372,0.1263,0.3825,-18.29,-18.68,-20.33,-16.12,0.3938,0.1708,0.267,1.376,0.00832,-23.74,1.82e-10,-18.89,7.858e-11,4,0.08584,0.0869,0.5929,12590000,14390000,-10.9,-10.78,-13.92,29
46736.586,1.01e-14,0,3.985e-09,1.162e-09,0.3345,0.03208,0.4741,0.2194,-17.79,-18.25,-19.73,-15.36,0.3471,0.3467,0.5699,3.791,0.02137,-21.69,4.749e-11,-18.37,1.501e-11,1,0.08063,0.06339,0.7252,12470000,11760000,-12.68,-10.34,-12.45,10
13589.979,1.553e-14,0,2.493e-09,2.841e-10,0.4882,0.05278,0.5094,0.1825,-18.17,-19.1,-20.42,-15.96,0.7501,0.1494,0.3615,4.988,0.007505,-23.22,1.455e-10,-19,9.23e-11,1,0.07544,0.07225,0.6655,11540000,12890000,-10.96,-10.61,-12.65,31
24852.104,1.499e-14,1,7.402e-09,1.257e-09,0.1063,0.1218,0.3551,0.7811,-18.43,-17.84,-18.98,-15.3,0.5116,0.06342,0.2881,8.406,0.01259,-22.39,8.062e-11,-17.94,1.09e-11,4,0.09119,0.06183,0.6447,12530000,13510000,-12.78,-9.627,-13.73,29
54832.781,2.65e-15,0,4.696e-10,5.6e-10,0.02834,0.1073,0.07414,0.6477,-18.38,-17.72,-19.22,-15.91,0.5977,0.3085,0.02153,6.524,0.02864,-22.31,9.053e-11,-19.19,1.281e-10,4,0.1044,0.1077,0.7065,11900000,12510000,-12.48,-9.578,-12.52,21
12712.464,8.88e-15,2,1.267e-09,1.634e-10,0.6778,0.1196,0.5403,0.5936,-20.11,-19.64,-20.49,-14.64,0.4268,0.3823,0.3158,0.5585,0.004726,-23.72,1.735e-10,-18.53,3.817e-11,1,0.05543,0.1058,0.6897,13500000,13800000,-13.15,-8.412,-12.98,23
69933.953,5.68e-15,0,7.569e-09,1.105e-09,0.3976,0.06422,0.04497,0.2902,-18.35,-19.35,-19.12,-14.28,0.0313,0.1811,0.1803,7.094,0.009569,-23.51,1.385e-10,-20.74,2.75e-10,4,0.04099,0.07364,0.6795,13440000,14130000,-11.55,-10.73,-11.19,31
65737.32,2.9e-15,1,8.779e-09,1.255e-09,0.3746,0.1307,0.117,0.4759,-18.15,-17.69,-20.55,-16.81,0.3058,0.3318,0.3701,0.579,0.02506,-22.45,1.037e-10,-19.84,1.841e-10,1,0.07386,0.1412,0.7313,12070000,14880000,-11.33,-10.19,-11.35,5
33562.664,7.13e-15,1,8.731e-09,8.285e-10,0.9885,0.02683,0.2019,0.128,-18.56,-18.83,-19.99,-15.08,0.078,0.1738,0.2755,0.6455,0.01302,-21.64,5.342e-11,-19.07,1.05e-10,4,0.07889,0.1035,0.6353,13620000,14690000,-12.19,-9.937,-12.48,6
75286.727,6.14e-15,0,2.554e-09,3.698e-11,0.05919,0.1176,0.1032,0.09569,-18.68,-18.77,-19.71,-14.99,0.864,0.05082,0.5806,1.904,0.003008,-21.59,3.708e-11,-17.43,1.09e-11,4,0.08945,0.1132,0.6596,12330000,13530000,-12.52,-10.38,-11.24,18
70557.211,1.377e-14,0,3.345e-09,1.179e-09,0.7841,0.06163,0.5299,0.9253,-19.19,-19.5,-20.09,-16.59,0.1664,0.0115,0.1893,0.9697,0.01173,-22.16,7.809e-11,-18.93,9.65e-11,1,0.118,0.04971,0.6691,12730000,14100000,-11.58,-10.35,-11.26,13
38818.281,1.28e-15,2,4.958e-09,2.073e-11,0.5081,0.07147,0.1558,0.5433,-19.96,-19.53,-20.2,-16.27,0.3292,0.3077,0.4763,0.2171,0.0264,-21.99,6.348e-11,-19.28,1.418e-10,1,0.09192,0.04893,0.6177,12850000,12960000,-11.21,-9.867,-12.92,28
54168.168,4.98e-15,1,5.958e-09,6.102e-10,0.2468,0.126,0.184,0.829,-17.64,-19.71,-19.69,-14.57,0.9755,0.2931,0.02951,0.2096,0.02375,-21.75,4.923e-11,-19.03,9.978e-11,4,0.09893,0.07792,0.6858,11350000,13220000,-14.62,-8.564,-13.97,31
66121.953,6.65e-15,0,8.957e-09,8.926e-10,0.2878,0.07295,0.09499,0.3746,-17.94,-19.46,-19.88,-14.36,0.9074,0.07971,0.08381,0.7793,0.008678,-21.33,2.129e-11,-18.38,2.638e-11,1,0.1241,0.06983,0.6242,12420000,15710000,-11.79,-9.775,-11.73,22
65170.25,9.67e-15,2,7.214e-09,1.024e-09,0.7211,0.06105,0.2823,0.8949,-18.47,-18.44,-19.61,-16.44,0.08239,0.2363,0.4157,1.57,0.001474,-21.13,9.179e-12,-18.03,1.09e-11,4,0.06277,0.0882,0.7706,11930000,13310000,-12.21,-9.526,-11.3,30
13002.05,8.62e-15,1,4.545e-09,4.472e-11,0.1795,0.01657,0.2199,0.4006,-18.06,-18.99,-20.11,-14.94,0.5207,0.02564,0.2352,4.315,0.003768,-21.27,2.471e-11,-18.45,1.09e-11,1,0.08367,0.09596,0.6129,11670000,11840000,-10.62,-10.97,-13.13,17
52296.301,6.19e-15,1,5.674e-10,1.208e-09,0.9242,0.1055,0.4001,0.05233,-17.75,-19.38,-19.19,-14.88,0.4784,0.3627,0.06652,0.341,0.005077,-22.02,7.608e-11,-18.75,6.071e-11,4,0.1073,0.1034,0.5993,11100000,13090000,-13.39,-9.31,-11.01,13
10481.519,5.16e-15,1,7.323e-09,4.596e-10,0.6399,0.04492,0.1775,0.4918,-19.08,-18.56,-18.79,-16.21,0.4684,0.06523,0.1205,2.146,0.006472,-21.51,2.754e-11,-19.3,1.364e-10,1,0.07832,0.07472,0.638,12050000,12400000,-11.53,-10.55,-13.32,32
21075.795,9.02e-15,1,5.746e-09,2.79e-10,0.7725,0.09708,0.3774,0.356,-19.13,-18.06,-18.82,-15.49,0.7746,0.2979,0.01829,4.244,0.01026,-23.95,1.892e-10,-19.54,1.77e-10,4,0.09442,0.1111,0.6361,13830000,12770000,-13.25,-9.7,-12.56,4
86633.633,4.06e-15,0,3.835e-09,9.566e-10,0.4155,0.02399,0.3044,0.9171,-18.44,-18.66,-19.33,-14.78,0.007888,0.0134,0.09126,0.1953,0.001194,-23.62,1.768e-10,-19.12,1.063e-10,4,0.06154,0.1177,0.7609,13190000,14600000,-12.62,-8.874,-12.25,32
17127.961,1.34e-14,0,9.083e-09,2.627e-10,0.5471,0.08224,0.3864,0.1435,-19.76,-18.61,-18.86,-15.05,0.5702,0.2561,0.2169,0.4152,0.009027,-21.61,3.61e-11,-20.26,2.422e-10,4,0.1009,0.1273,0.6464,13270000,11240000,-11.09,-9.916,-13.05,27
20963.563,4.28e-15,0,1.1e-09,1.237e-10,0.839,0.1213,0.5044,0.9563,-17.6,-19.11,-19.49,-15.88,0.2433,0.1256,0.3302,0.758,0.016,-21.24,3.265e-11,-20.12,2.251e-10,4,0.06381,0.1242,0.5745,13720000,14270000,-11.43,-10.47,-13.37,17
66981.445,1.059e-14,0,4.12e-09,7.71e-11,0.6006,0.09947,0.03292,0.7412,-18.09,-19.69,-18.95,-14.81,0.1415,0.159,0.06129,7.976,0.009755,-23.05,1.351e-10,-17.1,1.09e-11,1,0.04669,0.0764,0.6745,11300000,12460000,-11.9,-9.989,-13.45,6
28759.857,1.52e-14,1,6.629e-09,8.83e-10,0.3602,0.008478,0.3952,0.7984,-19.73,-18.8,-20.21,-15.4,0.2993,0.2701,0.1452,0.2653,0.006309,-21.81,4.577e-11,-19.15,8.842e-11,4,0.1025,0.01398,0.7489,12110000,15570000,-11.82,-10.21,-11.83,18
44219.758,1.69e-15,1,1.558e-09,9.648e-10,0.8223,0.05467,0.5286,0.2555,-20.01,-18.39,-19.38,-14.89,0.9504,0.03725,0.1116,3.999,0.01086,-23.45,1.474e-10,-19.22,1.159e-10,4,0.08897,0.05152,0.6202,11170000,15890000,-10.8,-10.48,-11.69,16
17053.266,5e-17,2,9.208e-09,5.414e-10,0.4013,0.1164,0.4913,0.711,-17.98,-18.81,-20.17,-14.6,0.6114,0.02845,0.1021,0.805,0.01362,-22.49,8.411e-11,-19.6,2.03e-10,4,0.08211,0.07774,0.6494,11890000,12280000,-11.01,-10.42,-13.47,1
18744.563,6.9e-15,1,5.686e-09,5.156e-10,0.51,0.08533,0.3377,0.1903,-19.36,-20.35,-19.96,-14.65,0.943,0.2175,0.5613,2.449,0.0142,-23.8,1.796e-10,-18.8,8.492e-11,4,0.01187,0.08234,0.6485,13220000,14310000,-11.19,-10.8,-12.83,13
43865.879,1.103e-14,0,3.469e-09,3.142e-10,0.5698,0.1032,0.2899,0.8849,-19.3,-19.23,-20.23,-15.24,0.442,0.0006224,0.09796,0.3778,0.02726,-23.25,1.523e-10,-19.4,1.559e-10,4,0.06797,0.0942,0.6632,12180000,15160000,-12.3,-10.03,-13.2,26
49492.336,1.083e-14,1,2.706e-09,1.121e-09,0.5564,0.1381,0.2603,0.2891,-19.68,-20.1,-19.57,-15.35,0.5031,0.1347,0.4051,5.926,0.02329,-21.5,4.414e-11,-19.09,1.009e-10,4,0.1341,0.08131,0.7166,12780000,14440000,-11.43,-9.804,-12.58,4
34145.242,6.68e-15,2,7.537e-10,7.225e-10,0.2252,0.05708,0.2287,0.7382,-18.82,-19.85,-18.2,-15.82,0.5672,0.04174,0.04532,7.392,0.003174,-23.03,1.244e-10,-18.85,7.117e-11,1,0.1018,0.08926,0.6412,13340000,13350000,-12.13,-9.398,-12.2,4
